Handle,Title,Body (HTML),Vendor,Product Category,Type,Tags,Published,Option1 Name,Option1 Value,Option2 Name,Option2 Value,Option3 Name,Option3 Value,Variant SKU,Variant Grams,Variant Inventory Tracker,Variant Inventory Qty,Variant Inventory Policy,Variant Fulfillment Service,Variant Price,Variant Compare At Price,Variant Requires Shipping,Variant Taxable,Variant Barcode,Image Src,Image Position,Image Alt Text,Gift Card,SEO Title,SEO Description,Google Shopping / Google Product Category,Google Shopping / Gender,Google Shopping / Age Group,Google Shopping / MPN,Google Shopping / Condition,Google Shopping / Custom Product,Google Shopping / Custom Label 0,Google Shopping / Custom Label 1,Google Shopping / Custom Label 2,Google Shopping / Custom Label 3,Google Shopping / Custom Label 4,Variant Image,Variant Weight Unit,Variant Tax Code,Cost per item,Status
hbr-989-3-black-auto,HANBORO Clover King – Carbon Fiber Bezel & Four-Leaf Skeleton Dial Watch (Black Edition),"<p>The Hanboro Clover King is a statement of bold craftsmanship and rare elegance. Its stainless steel case with a carbon fiber textured finish is carved with a precise square diamond-blade pattern, giving the watch a commanding presence. At its core lies a four-leaf clover skeleton dial, symbolizing rarity and good fortune, with luminous strip markers ensuring clarity even in low light.</p><p>Powered by the Nishitetsu 8N24 automatic mechanical movement, the Clover King offers 21 jewels, 21,600 vibrations/hour, and a 42-hour power reserve with precision of ±5 seconds/day. The fully open-worked skeleton exhibition caseback reveals the intricate interplay of gears, celebrating mechanical artistry.</p><p>A flat diamond-knife crafted crystal mirror enhances visibility while repelling water, complementing the watch’s 50m water resistance. The timepiece is paired with a soft black rubber strap and butterfly spring clasp for modern comfort and durability.</p><p>With its 41mm x 50mm case dimensions and unique geometry, the Hanboro Clover King isn’t just a watch—it’s a bold expression of individuality designed for luxury connoisseurs who embrace originality.</p>
<h3>Specifications</h3>
<ul>
  <li><strong>Movement:</strong> Japanese CITIZEN 8N24 mechanical movement, ""Thickness: 5.55mm, 21 gems, Frequency 21600 times/hour, Stop second function, Automatic/manual loading</li>
  <li><strong>Power Reserve:</strong> 48 Hours</li>
  <li><strong>Jewels:</strong> 24 Synthetic Rubies & Heat-Treated Screws</li>
  <li><strong>Frequency:</strong> 28,800 VPH (4.0 Hz)</li>
  <li><strong>Case Material:</strong> STAINLESS STEEL CARBON FIBER CASE</li>
  <li><strong>Glass:</strong> SAPPHIRE CRYSTAL</li>
  <li><strong>Case Diameter:</strong> 41mm</li>
  <li><strong>Water Resistance:</strong> 6/50M</li>
  <li><strong>Strap:</strong> RUBBER</li>
  <li><strong>Clasp:</strong> Push Button Hidden Clasp</li>
  <li><strong>Warranty:</strong> 24.0 Months Official Manufacturer Warranty</li>
</ul>
<h3>Compliance & Care</h3>
<p><strong>Country of Origin:</strong> People’s Republic of China</p>
<p><strong>Manufacturer:</strong> Guangzhou Hengbaoluo Technology Co., Ltd.</p>
<p><strong>Importer / Packer:</strong> Rise N Be Original Lifestyle Pvt Ltd, Building No. 3, 4th Floor, Block M, DLF City Phase II, Road Number 5, Sector 25, Gurugram, Haryana 122008, India</p>",HANBORO,Apparel & Accessories > Jewelry > Watches,Luxury Automatic Watches,"HANBORO, Luxury Watches, Automatic, TONNEAU, Carbon Fiber Skeleton Automatic, HBR-989-3-BLACK-AUTO, Model-989-3, Skeleton",TRUE,Title,Default Title,,,,,HBR-989-3-BLACK-AUTO,250,shopify,8,continue,manual,42399,52999,TRUE,TRUE,HBR-989-3-BLACK-AUTO,https://hanborowatches.in/transparent/hbr-989-3-black-auto.webp,1,HANBORO Clover King – Carbon Fiber Bezel & Four-Leaf Skeleton Dial Watch (Black Edition) - Reference HBR-989-3-BLACK-AUTO,FALSE,HANBORO Clover King – Carbon Fiber Bezel & Four-Leaf Skeleton Dial Watch (Black Edition),"The Hanboro Clover King blends bold geometry with fine mechanical craft. Its stainless steel case with a carbon fiber textured finish and diamond-blade square pattern frames a striking four-leaf clover skeleton dial, symbolizing rarity and fortune. Powered by the Nishitetsu 8N24 automatic movement with 21 jewels, 21,60",Apparel & Accessories > Jewelry > Watches,Unisex,Adult,HBR-989-3-BLACK-AUTO,new,FALSE,,,,,,https://hanborowatches.in/transparent/hbr-989-3-black-auto.webp,g,,,active
hbr-989-3-black-auto,,,,,,,,,,,,,,,,,,,,,,,,,https://hanborowatches.in/catalog/hbr-989-3-black-auto-view-1.jpg,2,HANBORO Clover King – Carbon Fiber Bezel & Four-Leaf Skeleton Dial Watch (Black Edition) - View 2,,,,,,,,,,,,,,,,,,,
hbr-989-3-black-auto,,,,,,,,,,,,,,,,,,,,,,,,,https://hanborowatches.in/catalog/hbr-989-3-black-auto-front.jpg,3,HANBORO Clover King – Carbon Fiber Bezel & Four-Leaf Skeleton Dial Watch (Black Edition) - View 3,,,,,,,,,,,,,,,,,,,
hbr-989-3-red-auto,HANBORO Clover King – Carbon Fiber Bezel & Four-Leaf Skeleton Dial Watch (Crimson Red Edition),"<p>The Hanboro Clover King is a statement of bold craftsmanship and rare elegance. Its stainless steel case with a carbon fiber textured finish is carved with a precise square diamond-blade pattern, giving the watch a commanding presence. At its core lies a four-leaf clover skeleton dial, symbolizing rarity and good fortune, with luminous strip markers ensuring clarity even in low light.</p><p>Powered by the Nishitetsu 8N24 automatic mechanical movement, the Clover King offers 21 jewels, 21,600 vibrations/hour, and a 42-hour power reserve with precision of ±5 seconds/day. The fully open-worked skeleton exhibition caseback reveals the intricate interplay of gears, celebrating mechanical artistry.</p><p>A flat diamond-knife crafted crystal mirror enhances visibility while repelling water, complementing the watch’s 50m water resistance. The timepiece is paired with a soft black rubber strap and butterfly spring clasp for modern comfort and durability.</p><p>With its 41mm x 50mm case dimensions and unique geometry, the Hanboro Clover King isn’t just a watch—it’s a bold expression of individuality designed for luxury connoisseurs who embrace originality.</p>
<h3>Specifications</h3>
<ul>
  <li><strong>Movement:</strong> Japanese CITIZEN 8N24 mechanical movement, ""Thickness: 5.55mm, 21 gems, Frequency 21600 times/hour, Stop second function, Automatic/manual loading</li>
  <li><strong>Power Reserve:</strong> Approx. 42 Hours</li>
  <li><strong>Jewels:</strong> 21 Jewels</li>
  <li><strong>Frequency:</strong> 21,600 VPH (3.0 Hz)</li>
  <li><strong>Case Material:</strong> STAINLESS STEEL CARBON FIBER CASE</li>
  <li><strong>Glass:</strong> SAPPHIRE CRYSTAL</li>
  <li><strong>Case Diameter:</strong> 41mm</li>
  <li><strong>Water Resistance:</strong> 50M (5 ATM)</li>
  <li><strong>Strap:</strong> RUBBER</li>
  <li><strong>Clasp:</strong> Push Button Hidden Clasp</li>
  <li><strong>Warranty:</strong> 24.0 Months Official Manufacturer Warranty</li>
</ul>
<h3>Compliance & Care</h3>
<p><strong>Country of Origin:</strong> People’s Republic of China</p>
<p><strong>Manufacturer:</strong> Guangzhou Hengbaoluo Technology Co., Ltd.</p>
<p><strong>Importer / Packer:</strong> Rise N Be Original Lifestyle Pvt Ltd, Building No. 3, 4th Floor, Block M, DLF City Phase II, Road Number 5, Sector 25, Gurugram, Haryana 122008, India</p>",HANBORO,Apparel & Accessories > Jewelry > Watches,Luxury Automatic Watches,"HANBORO, Luxury Watches, Automatic, TONNEAU, Carbon Fiber Skeleton Automatic, HBR-989-3-RED-AUTO, Model-989-3, Skeleton",TRUE,Title,Default Title,,,,,HBR-989-3-RED-AUTO,250,shopify,8,continue,manual,42399,52999,TRUE,TRUE,HBR-989-3-RED-AUTO,https://hanborowatches.in/transparent/clover-king-crimson.webp,1,HANBORO Clover King – Carbon Fiber Bezel & Four-Leaf Skeleton Dial Watch (Crimson Red Edition) - Reference HBR-989-3-RED-AUTO,FALSE,HANBORO Clover King – Carbon Fiber Bezel & Four-Leaf Skeleton Dial Watch (Crimson Red Edition),"The Hanboro Clover King blends bold geometry with fine mechanical craft. Its stainless steel case with a carbon fiber textured finish and diamond-blade square pattern frames a striking four-leaf clover skeleton dial, symbolizing rarity and fortune. Powered by the Nishitetsu 8N24 automatic movement with 21 jewels, 21,60",Apparel & Accessories > Jewelry > Watches,Unisex,Adult,HBR-989-3-RED-AUTO,new,FALSE,,,,,,https://hanborowatches.in/transparent/clover-king-crimson.webp,g,,,active
hbr-989-3-red-auto,,,,,,,,,,,,,,,,,,,,,,,,,https://hanborowatches.in/clover-king-day.png,2,HANBORO Clover King – Carbon Fiber Bezel & Four-Leaf Skeleton Dial Watch (Crimson Red Edition) - View 2,,,,,,,,,,,,,,,,,,,
hbr-989-3-red-auto,,,,,,,,,,,,,,,,,,,,,,,,,https://hanborowatches.in/clover-king-night.png,3,HANBORO Clover King – Carbon Fiber Bezel & Four-Leaf Skeleton Dial Watch (Crimson Red Edition) - View 3,,,,,,,,,,,,,,,,,,,
hbr-989-3-red-auto,,,,,,,,,,,,,,,,,,,,,,,,,https://hanborowatches.in/catalog/hbr-989-3-red-auto-front.jpg,4,HANBORO Clover King – Carbon Fiber Bezel & Four-Leaf Skeleton Dial Watch (Crimson Red Edition) - View 4,,,,,,,,,,,,,,,,,,,
hbr-989-3-green-auto,HANBORO Clover King – Carbon Fiber Bezel & Four-Leaf Skeleton Dial Watch (Emerald Green Edition),"<p>The Hanboro Clover King is a statement of bold craftsmanship and rare elegance. Its stainless steel case with a carbon fiber textured finish is carved with a precise square diamond-blade pattern, giving the watch a commanding presence. At its core lies a four-leaf clover skeleton dial, symbolizing rarity and good fortune, with luminous strip markers ensuring clarity even in low light.</p><p>Powered by the Nishitetsu 8N24 automatic mechanical movement, the Clover King offers 21 jewels, 21,600 vibrations/hour, and a 42-hour power reserve with precision of ±5 seconds/day. The fully open-worked skeleton exhibition caseback reveals the intricate interplay of gears, celebrating mechanical artistry.</p><p>A flat diamond-knife crafted crystal mirror enhances visibility while repelling water, complementing the watch’s 50m water resistance. The timepiece is paired with a soft black rubber strap and butterfly spring clasp for modern comfort and durability.</p><p>With its 41mm x 50mm case dimensions and unique geometry, the Hanboro Clover King isn’t just a watch—it’s a bold expression of individuality designed for luxury connoisseurs who embrace originality.</p>
<h3>Specifications</h3>
<ul>
  <li><strong>Movement:</strong> Japanese CITIZEN 8N24 mechanical movement, ""Thickness: 5.55mm, 21 gems, Frequency 21600 times/hour, Stop second function, Automatic/manual loading</li>
  <li><strong>Power Reserve:</strong> 48 Hours</li>
  <li><strong>Jewels:</strong> 24 Synthetic Rubies & Heat-Treated Screws</li>
  <li><strong>Frequency:</strong> 28,800 VPH (4.0 Hz)</li>
  <li><strong>Case Material:</strong> STAINLESS STEEL CARBON FIBER CASE</li>
  <li><strong>Glass:</strong> SAPPHIRE CRYSTAL</li>
  <li><strong>Case Diameter:</strong> 41mm</li>
  <li><strong>Water Resistance:</strong> 50M (5 ATM)</li>
  <li><strong>Strap:</strong> RUBBER</li>
  <li><strong>Clasp:</strong> Push Button Hidden Clasp</li>
  <li><strong>Warranty:</strong> 24.0 Months Official Manufacturer Warranty</li>
</ul>
<h3>Compliance & Care</h3>
<p><strong>Country of Origin:</strong> People’s Republic of China</p>
<p><strong>Manufacturer:</strong> Guangzhou Hengbaoluo Technology Co., Ltd.</p>
<p><strong>Importer / Packer:</strong> Rise N Be Original Lifestyle Pvt Ltd, Building No. 3, 4th Floor, Block M, DLF City Phase II, Road Number 5, Sector 25, Gurugram, Haryana 122008, India</p>",HANBORO,Apparel & Accessories > Jewelry > Watches,Luxury Automatic Watches,"HANBORO, Luxury Watches, Automatic, TONNEAU, Carbon Fiber Skeleton Automatic, HBR-989-3-GREEN-AUTO, Model-989-3, Skeleton",TRUE,Title,Default Title,,,,,HBR-989-3-GREEN-AUTO,250,shopify,1,continue,manual,42399,52999,TRUE,TRUE,HBR-989-3-GREEN-AUTO,https://hanborowatches.in/transparent/hbr-989-3-green-auto.webp,1,HANBORO Clover King – Carbon Fiber Bezel & Four-Leaf Skeleton Dial Watch (Emerald Green Edition) - Reference HBR-989-3-GREEN-AUTO,FALSE,HANBORO Clover King – Carbon Fiber Bezel & Four-Leaf Skeleton Dial Watch (Emerald Green Edition),"The Hanboro Clover King blends bold geometry with fine mechanical craft. Its stainless steel case with a carbon fiber textured finish and diamond-blade square pattern frames a striking four-leaf clover skeleton dial, symbolizing rarity and fortune. Powered by the Nishitetsu 8N24 automatic movement with 21 jewels, 21,60",Apparel & Accessories > Jewelry > Watches,Unisex,Adult,HBR-989-3-GREEN-AUTO,new,FALSE,,,,,,https://hanborowatches.in/transparent/hbr-989-3-green-auto.webp,g,,,active
hbr-989-3-green-auto,,,,,,,,,,,,,,,,,,,,,,,,,https://hanborowatches.in/watch-forged-carbon-ribbed-shield-green-front-transparent.webp,2,HANBORO Clover King – Carbon Fiber Bezel & Four-Leaf Skeleton Dial Watch (Emerald Green Edition) - View 2,,,,,,,,,,,,,,,,,,,
hbr-989-3-green-auto,,,,,,,,,,,,,,,,,,,,,,,,,https://hanborowatches.in/watch-forged-carbon-ribbed-shield-green-ferrari.webp,3,HANBORO Clover King – Carbon Fiber Bezel & Four-Leaf Skeleton Dial Watch (Emerald Green Edition) - View 3,,,,,,,,,,,,,,,,,,,
hbr-989-3-green-auto,,,,,,,,,,,,,,,,,,,,,,,,,https://hanborowatches.in/watch-forged-carbon-ribbed-shield-green-lamborghini.webp,4,HANBORO Clover King – Carbon Fiber Bezel & Four-Leaf Skeleton Dial Watch (Emerald Green Edition) - View 4,,,,,,,,,,,,,,,,,,,
hbr-989-3-green-auto,,,,,,,,,,,,,,,,,,,,,,,,,https://hanborowatches.in/watch-forged-carbon-ribbed-shield-green-mesh.webp,5,HANBORO Clover King – Carbon Fiber Bezel & Four-Leaf Skeleton Dial Watch (Emerald Green Edition) - View 5,,,,,,,,,,,,,,,,,,,
hbr-989-3-green-auto,,,,,,,,,,,,,,,,,,,,,,,,,https://hanborowatches.in/catalog/hbr-989-3-green-auto-front.jpg,6,HANBORO Clover King – Carbon Fiber Bezel & Four-Leaf Skeleton Dial Watch (Emerald Green Edition) - View 6,,,,,,,,,,,,,,,,,,,
hbr-989-3-orange-auto,HANBORO Clover King – Carbon Fiber Bezel & Four-Leaf Skeleton Dial Watch (Sunset Orange Edition),"<p>The Hanboro Clover King is a statement of bold craftsmanship and rare elegance. Its stainless steel case with a carbon fiber textured finish is carved with a precise square diamond-blade pattern, giving the watch a commanding presence. At its core lies a four-leaf clover skeleton dial, symbolizing rarity and good fortune, with luminous strip markers ensuring clarity even in low light.</p><p>Powered by the Nishitetsu 8N24 automatic mechanical movement, the Clover King offers 21 jewels, 21,600 vibrations/hour, and a 42-hour power reserve with precision of ±5 seconds/day. The fully open-worked skeleton exhibition caseback reveals the intricate interplay of gears, celebrating mechanical artistry.</p><p>A flat diamond-knife crafted crystal mirror enhances visibility while repelling water, complementing the watch’s 50m water resistance. The timepiece is paired with a soft black rubber strap and butterfly spring clasp for modern comfort and durability.</p><p>With its 41mm x 50mm case dimensions and unique geometry, the Hanboro Clover King isn’t just a watch—it’s a bold expression of individuality designed for luxury connoisseurs who embrace originality.</p>
<h3>Specifications</h3>
<ul>
  <li><strong>Movement:</strong> Japanese CITIZEN 8N24 mechanical movement, ""Thickness: 5.55mm, 21 gems, Frequency 21600 times/hour, Stop second function, Automatic/manual loading</li>
  <li><strong>Power Reserve:</strong> Approx. 42 Hours</li>
  <li><strong>Jewels:</strong> 21+ Jewels</li>
  <li><strong>Frequency:</strong> 21,600 VPH</li>
  <li><strong>Case Material:</strong> 316L Stainless Steel</li>
  <li><strong>Glass:</strong> Synthetic Sapphire Crystal</li>
  <li><strong>Case Diameter:</strong> 41mm</li>
  <li><strong>Water Resistance:</strong> 50M (5 ATM)</li>
  <li><strong>Strap:</strong> Fluororubber / Stainless Steel</li>
  <li><strong>Clasp:</strong> Butterfly Clasp / Tang Buckle</li>
  <li><strong>Warranty:</strong> 24 Months Official Manufacturer Warranty</li>
</ul>
<h3>Compliance & Care</h3>
<p><strong>Country of Origin:</strong> People’s Republic of China</p>
<p><strong>Manufacturer:</strong> Guangzhou Hengbaoluo Technology Co., Ltd.</p>
<p><strong>Importer / Packer:</strong> Rise N Be Original Lifestyle Pvt Ltd, Building No. 3, 4th Floor, Block M, DLF City Phase II, Road Number 5, Sector 25, Gurugram, Haryana 122008, India</p>",HANBORO,Apparel & Accessories > Jewelry > Watches,Luxury Automatic Watches,"HANBORO, Luxury Watches, Automatic, TONNEAU, Carbon Fiber Skeleton Automatic, HBR-989-3-ORANGE-AUTO, Model-989-3, Skeleton",TRUE,Title,Default Title,,,,,HBR-989-3-ORANGE-AUTO,250,shopify,8,continue,manual,42399,52999,TRUE,TRUE,HBR-989-3-ORANGE-AUTO,https://hanborowatches.in/transparent/hbr-989-3-orange-auto.webp,1,HANBORO Clover King – Carbon Fiber Bezel & Four-Leaf Skeleton Dial Watch (Sunset Orange Edition) - Reference HBR-989-3-ORANGE-AUTO,FALSE,HANBORO Clover King – Carbon Fiber Bezel & Four-Leaf Skeleton Dial Watch (Sunset Orange Edition),"Square diamond blade pattern stainless steel carbon fiber case, showcasing the wearer's unique personality charm.",Apparel & Accessories > Jewelry > Watches,Unisex,Adult,HBR-989-3-ORANGE-AUTO,new,FALSE,,,,,,https://hanborowatches.in/transparent/hbr-989-3-orange-auto.webp,g,,,active
hbr-989-3-orange-auto,,,,,,,,,,,,,,,,,,,,,,,,,https://hanborowatches.in/catalog/hbr-989-3-orange-auto-front.jpg,2,HANBORO Clover King – Carbon Fiber Bezel & Four-Leaf Skeleton Dial Watch (Sunset Orange Edition) - View 2,,,,,,,,,,,,,,,,,,,
hbr-989-3-white-auto,HANBORO Clover King – Carbon Fiber Bezel & Four-Leaf Skeleton Dial Watch (Pure White Edition),"<p>The Hanboro Clover King is a statement of bold craftsmanship and rare elegance. Its stainless steel case with a carbon fiber textured finish is carved with a precise square diamond-blade pattern, giving the watch a commanding presence. At its core lies a four-leaf clover skeleton dial, symbolizing rarity and good fortune, with luminous strip markers ensuring clarity even in low light.</p><p>Powered by the Nishitetsu 8N24 automatic mechanical movement, the Clover King offers 21 jewels, 21,600 vibrations/hour, and a 42-hour power reserve with precision of ±5 seconds/day. The fully open-worked skeleton exhibition caseback reveals the intricate interplay of gears, celebrating mechanical artistry.</p><p>A flat diamond-knife crafted crystal mirror enhances visibility while repelling water, complementing the watch’s 50m water resistance. The timepiece is paired with a soft black rubber strap and butterfly spring clasp for modern comfort and durability.</p><p>With its 41mm x 50mm case dimensions and unique geometry, the Hanboro Clover King isn’t just a watch—it’s a bold expression of individuality designed for luxury connoisseurs who embrace originality.</p>
<h3>Specifications</h3>
<ul>
  <li><strong>Movement:</strong> Japanese CITIZEN 8N24 mechanical movement, ""Thickness: 5.55mm, 21 gems, Frequency 21600 times/hour, Stop second function, Automatic/manual loading</li>
  <li><strong>Power Reserve:</strong> 48 Hours</li>
  <li><strong>Jewels:</strong> 24 Synthetic Rubies & Heat-Treated Screws</li>
  <li><strong>Frequency:</strong> 28,800 VPH (4.0 Hz)</li>
  <li><strong>Case Material:</strong> STAINLESS STEEL CARBON FIBER CASE</li>
  <li><strong>Glass:</strong> SAPPHIRE CRYSTAL</li>
  <li><strong>Case Diameter:</strong> 41mm</li>
  <li><strong>Water Resistance:</strong> 50M (5 ATM)</li>
  <li><strong>Strap:</strong> RUBBER</li>
  <li><strong>Clasp:</strong> Push Button Hidden Clasp</li>
  <li><strong>Warranty:</strong> 24.0 Months Official Manufacturer Warranty</li>
</ul>
<h3>Compliance & Care</h3>
<p><strong>Country of Origin:</strong> People’s Republic of China</p>
<p><strong>Manufacturer:</strong> Guangzhou Hengbaoluo Technology Co., Ltd.</p>
<p><strong>Importer / Packer:</strong> Rise N Be Original Lifestyle Pvt Ltd, Building No. 3, 4th Floor, Block M, DLF City Phase II, Road Number 5, Sector 25, Gurugram, Haryana 122008, India</p>",HANBORO,Apparel & Accessories > Jewelry > Watches,Luxury Automatic Watches,"HANBORO, Luxury Watches, Automatic, TONNEAU, Carbon Fiber Skeleton Automatic, HBR-989-3-WHITE-AUTO, Model-989-3, Skeleton",TRUE,Title,Default Title,,,,,HBR-989-3-WHITE-AUTO,250,shopify,8,continue,manual,42399,52999,TRUE,TRUE,HBR-989-3-WHITE-AUTO,https://hanborowatches.in/transparent/hbr-989-3-white-auto.webp,1,HANBORO Clover King – Carbon Fiber Bezel & Four-Leaf Skeleton Dial Watch (Pure White Edition) - Reference HBR-989-3-WHITE-AUTO,FALSE,HANBORO Clover King – Carbon Fiber Bezel & Four-Leaf Skeleton Dial Watch (Pure White Edition),"The Hanboro Clover King blends bold geometry with fine mechanical craft. Its stainless steel case with a carbon fiber textured finish and diamond-blade square pattern frames a striking four-leaf clover skeleton dial, symbolizing rarity and fortune. Powered by the Nishitetsu 8N24 automatic movement with 21 jewels, 21,60",Apparel & Accessories > Jewelry > Watches,Unisex,Adult,HBR-989-3-WHITE-AUTO,new,FALSE,,,,,,https://hanborowatches.in/transparent/hbr-989-3-white-auto.webp,g,,,active
hbr-989-3-white-auto,,,,,,,,,,,,,,,,,,,,,,,,,https://hanborowatches.in/watch-forged-carbon-ribbed-shield-white-front-transparent.webp,2,HANBORO Clover King – Carbon Fiber Bezel & Four-Leaf Skeleton Dial Watch (Pure White Edition) - View 2,,,,,,,,,,,,,,,,,,,
hbr-989-3-white-auto,,,,,,,,,,,,,,,,,,,,,,,,,https://hanborowatches.in/watch-forged-carbon-ribbed-shield-white-studio.webp,3,HANBORO Clover King – Carbon Fiber Bezel & Four-Leaf Skeleton Dial Watch (Pure White Edition) - View 3,,,,,,,,,,,,,,,,,,,
hbr-989-3-white-auto,,,,,,,,,,,,,,,,,,,,,,,,,https://hanborowatches.in/watch-forged-carbon-ribbed-shield-white-ferrari.webp,4,HANBORO Clover King – Carbon Fiber Bezel & Four-Leaf Skeleton Dial Watch (Pure White Edition) - View 4,,,,,,,,,,,,,,,,,,,
hbr-989-3-white-auto,,,,,,,,,,,,,,,,,,,,,,,,,https://hanborowatches.in/watch-forged-carbon-ribbed-shield-white-mesh.webp,5,HANBORO Clover King – Carbon Fiber Bezel & Four-Leaf Skeleton Dial Watch (Pure White Edition) - View 5,,,,,,,,,,,,,,,,,,,
hbr-989-3-white-auto,,,,,,,,,,,,,,,,,,,,,,,,,https://hanborowatches.in/watch-forged-carbon-ribbed-shield-white-lamborghini.webp,6,HANBORO Clover King – Carbon Fiber Bezel & Four-Leaf Skeleton Dial Watch (Pure White Edition) - View 6,,,,,,,,,,,,,,,,,,,
hbr-989-3-white-auto,,,,,,,,,,,,,,,,,,,,,,,,,https://hanborowatches.in/catalog/hbr-989-3-white-auto-front.jpg,7,HANBORO Clover King – Carbon Fiber Bezel & Four-Leaf Skeleton Dial Watch (Pure White Edition) - View 7,,,,,,,,,,,,,,,,,,,
hbr-989-3-blue-auto,HANBORO Clover King – Carbon Fiber Bezel & Four-Leaf Skeleton Dial Watch (Ocean Blue Edition),"<p>The Hanboro Clover King is a statement of bold craftsmanship and rare elegance. Its stainless steel case with a carbon fiber textured finish is carved with a precise square diamond-blade pattern, giving the watch a commanding presence. At its core lies a four-leaf clover skeleton dial, symbolizing rarity and good fortune, with luminous strip markers ensuring clarity even in low light.</p><p>Powered by the Nishitetsu 8N24 automatic mechanical movement, the Clover King offers 21 jewels, 21,600 vibrations/hour, and a 42-hour power reserve with precision of ±5 seconds/day. The fully open-worked skeleton exhibition caseback reveals the intricate interplay of gears, celebrating mechanical artistry.</p><p>A flat diamond-knife crafted crystal mirror enhances visibility while repelling water, complementing the watch’s 50m water resistance. The timepiece is paired with a soft black rubber strap and butterfly spring clasp for modern comfort and durability.</p><p>With its 41mm x 50mm case dimensions and unique geometry, the Hanboro Clover King isn’t just a watch—it’s a bold expression of individuality designed for luxury connoisseurs who embrace originality.</p>
<h3>Specifications</h3>
<ul>
  <li><strong>Movement:</strong> Japanese CITIZEN 8N24 mechanical movement, ""Thickness: 5.55mm, 21 gems, Frequency 21600 times/hour, Stop second function, Automatic/manual loading</li>
  <li><strong>Power Reserve:</strong> 48 Hours</li>
  <li><strong>Jewels:</strong> 24 Synthetic Rubies & Heat-Treated Screws</li>
  <li><strong>Frequency:</strong> 28,800 VPH (4.0 Hz)</li>
  <li><strong>Case Material:</strong> STAINLESS STEEL CARBON FIBER CASE</li>
  <li><strong>Glass:</strong> SAPPHIRE CRYSTAL</li>
  <li><strong>Case Diameter:</strong> 41mm</li>
  <li><strong>Water Resistance:</strong> 50M (5 ATM)</li>
  <li><strong>Strap:</strong> RUBBER</li>
  <li><strong>Clasp:</strong> Push Button Hidden Clasp</li>
  <li><strong>Warranty:</strong> 24.0 Months Official Manufacturer Warranty</li>
</ul>
<h3>Compliance & Care</h3>
<p><strong>Country of Origin:</strong> People’s Republic of China</p>
<p><strong>Manufacturer:</strong> Guangzhou Hengbaoluo Technology Co., Ltd.</p>
<p><strong>Importer / Packer:</strong> Rise N Be Original Lifestyle Pvt Ltd, Building No. 3, 4th Floor, Block M, DLF City Phase II, Road Number 5, Sector 25, Gurugram, Haryana 122008, India</p>",HANBORO,Apparel & Accessories > Jewelry > Watches,Luxury Automatic Watches,"HANBORO, Luxury Watches, Automatic, TONNEAU, Carbon Fiber Skeleton Automatic, HBR-989-3-BLUE-AUTO, Model-989-3, Skeleton",TRUE,Title,Default Title,,,,,HBR-989-3-BLUE-AUTO,250,shopify,1,continue,manual,42399,52999,TRUE,TRUE,HBR-989-3-BLUE-AUTO,https://hanborowatches.in/transparent/hbr-989-3-blue-auto.webp,1,HANBORO Clover King – Carbon Fiber Bezel & Four-Leaf Skeleton Dial Watch (Ocean Blue Edition) - Reference HBR-989-3-BLUE-AUTO,FALSE,HANBORO Clover King – Carbon Fiber Bezel & Four-Leaf Skeleton Dial Watch (Ocean Blue Edition),"The Hanboro Clover King blends bold geometry with fine mechanical craft. Its stainless steel case with a carbon fiber textured finish and diamond-blade square pattern frames a striking four-leaf clover skeleton dial, symbolizing rarity and fortune. Powered by the Nishitetsu 8N24 automatic movement with 21 jewels, 21,60",Apparel & Accessories > Jewelry > Watches,Unisex,Adult,HBR-989-3-BLUE-AUTO,new,FALSE,,,,,,https://hanborowatches.in/transparent/hbr-989-3-blue-auto.webp,g,,,active
hbr-989-3-blue-auto,,,,,,,,,,,,,,,,,,,,,,,,,https://hanborowatches.in/watch-forged-carbon-ribbed-shield-blue-front-transparent.webp,2,HANBORO Clover King – Carbon Fiber Bezel & Four-Leaf Skeleton Dial Watch (Ocean Blue Edition) - View 2,,,,,,,,,,,,,,,,,,,
hbr-989-3-blue-auto,,,,,,,,,,,,,,,,,,,,,,,,,https://hanborowatches.in/watch-forged-carbon-ribbed-shield-blue-ferrari.webp,3,HANBORO Clover King – Carbon Fiber Bezel & Four-Leaf Skeleton Dial Watch (Ocean Blue Edition) - View 3,,,,,,,,,,,,,,,,,,,
hbr-989-3-blue-auto,,,,,,,,,,,,,,,,,,,,,,,,,https://hanborowatches.in/watch-forged-carbon-ribbed-shield-blue-lamborghini.webp,4,HANBORO Clover King – Carbon Fiber Bezel & Four-Leaf Skeleton Dial Watch (Ocean Blue Edition) - View 4,,,,,,,,,,,,,,,,,,,
hbr-989-3-blue-auto,,,,,,,,,,,,,,,,,,,,,,,,,https://hanborowatches.in/watch-forged-carbon-ribbed-shield-blue-mesh.webp,5,HANBORO Clover King – Carbon Fiber Bezel & Four-Leaf Skeleton Dial Watch (Ocean Blue Edition) - View 5,,,,,,,,,,,,,,,,,,,
hbr-989-3-blue-auto,,,,,,,,,,,,,,,,,,,,,,,,,https://hanborowatches.in/watch-forged-carbon-ribbed-shield-blue-supercar.webp,6,HANBORO Clover King – Carbon Fiber Bezel & Four-Leaf Skeleton Dial Watch (Ocean Blue Edition) - View 6,,,,,,,,,,,,,,,,,,,
hbr-989-3-blue-auto,,,,,,,,,,,,,,,,,,,,,,,,,https://hanborowatches.in/catalog/hbr-989-3-blue-auto-front.jpg,7,HANBORO Clover King – Carbon Fiber Bezel & Four-Leaf Skeleton Dial Watch (Ocean Blue Edition) - View 7,,,,,,,,,,,,,,,,,,,
hbr-8851-1-silver,Hanboro Four Leaf Clover Series – Skeleton Automatic Watch (Silver Edition),"<p>Hanboro Four Leaf Clover – Skeleton Automatic</p><p>A bold expression of precision engineering and timeless design.</p><p>The Hanboro Four Leaf Clover stands apart with its twelve-sided diamond-cut bezel and a striking skeleton dial shaped like a four-leaf clover—symbolizing luck, power, and individuality. Beneath the surface, three interlocking flywheels echo the harmony of constant motion, illuminated by a soft nocturnal glow that commands attention.</p><p>Crafted with meticulous detail, its luminous structure, transparent mechanics, and robust movement redefine modern horology. This is not just a watch—it's a statement of character, confidence, and craftsmanship.</p>
<h3>Specifications</h3>
<ul>
  <li><strong>Movement:</strong> Japanese Seiko NH38 mechanical movement""Thickness: 5.32mm, 24 gems, Frequency 21600 times/hour, Stop second function, Automatic/manual loading</li>
  <li><strong>Power Reserve:</strong> ~42 Hours</li>
  <li><strong>Jewels:</strong> 24 Synthetic Rubies</li>
  <li><strong>Frequency:</strong> 28,800 BPH (4 Hz)</li>
  <li><strong>Case Material:</strong> STAINLESS STEEL</li>
  <li><strong>Glass:</strong> SAPPHIRE CRYSTAL</li>
  <li><strong>Case Diameter:</strong> 46mm</li>
  <li><strong>Water Resistance:</strong> 7/50M</li>
  <li><strong>Strap:</strong> LEATHER ()</li>
  <li><strong>Clasp:</strong> Push Button Hidden Clasp</li>
  <li><strong>Warranty:</strong> 24.0 Months Official Manufacturer Warranty</li>
</ul>
<h3>Compliance & Care</h3>
<p><strong>Country of Origin:</strong> People’s Republic of China</p>
<p><strong>Manufacturer:</strong> Guangzhou Hengbaoluo Technology Co., Ltd.</p>
<p><strong>Importer / Packer:</strong> Rise N Be Original Lifestyle Pvt Ltd, Building No. 3, 4th Floor, Block M, DLF City Phase II, Road Number 5, Sector 25, Gurugram, Haryana 122008, India</p>",HANBORO,Apparel & Accessories > Jewelry > Watches,Luxury Automatic Watches,"HANBORO, Luxury Watches, Automatic, TOURBILLON, Triple Flywheel Skeleton Automatic, HBR-8851-1-SILVER, Model-8851-1, Skeleton",TRUE,Title,Default Title,,,,,HBR-8851-1-SILVER,250,shopify,2,continue,manual,33599,41999,TRUE,TRUE,HBR-8851-1-SILVER,https://hanborowatches.in/catalog/hbr-8851-1-silver-front.png,1,Hanboro Four Leaf Clover Series – Skeleton Automatic Watch (Silver Edition) - Reference HBR-8851-1-SILVER,FALSE,Hanboro Four Leaf Clover Series – Skeleton Automatic Watch (Silver Edition),"The Hanboro Four Leaf Clover embodies luck, individuality, and precision. Featuring a twelve-sided diamond-cut bezel and a skeleton clover dial with three flywheels, it merges bold design with mechanical artistry. Powered by the  NH38 automatic movement with a 40-hour reserve and open exhibition back, it showcases horo",Apparel & Accessories > Jewelry > Watches,Unisex,Adult,HBR-8851-1-SILVER,new,FALSE,,,,,,https://hanborowatches.in/catalog/hbr-8851-1-silver-front.png,g,,,active
hbr-8851-1-silver,,,,,,,,,,,,,,,,,,,,,,,,,https://hanborowatches.in/catalog/hbr-8851-1-silver-view-1.jpg,2,Hanboro Four Leaf Clover Series – Skeleton Automatic Watch (Silver Edition) - View 2,,,,,,,,,,,,,,,,,,,
hbr-8851-1-r-gold-silver,Hanboro Four Leaf Clover Series – Skeleton Automatic Watch (Rose Gold & Silver Edition),"<p>Hanboro Four Leaf Clover – Skeleton Automatic</p><p>A bold expression of precision engineering and timeless design.</p><p>The Hanboro Four Leaf Clover stands apart with its twelve-sided diamond-cut bezel and a striking skeleton dial shaped like a four-leaf clover—symbolizing luck, power, and individuality. Beneath the surface, three interlocking flywheels echo the harmony of constant motion, illuminated by a soft nocturnal glow that commands attention.</p><p>Crafted with meticulous detail, its luminous structure, transparent mechanics, and robust movement redefine modern horology. This is not just a watch—it's a statement of character, confidence, and craftsmanship.</p>
<h3>Specifications</h3>
<ul>
  <li><strong>Movement:</strong> Japanese Seiko NH38 mechanical movement""Thickness: 5.32mm, 24 gems, Frequency 21600 times/hour, Stop second function, Automatic/manual loading</li>
  <li><strong>Power Reserve:</strong> ~42 Hours</li>
  <li><strong>Jewels:</strong> 24 Synthetic Rubies</li>
  <li><strong>Frequency:</strong> 28,800 BPH (4 Hz)</li>
  <li><strong>Case Material:</strong> STAINLESS STEEL</li>
  <li><strong>Glass:</strong> SAPPHIRE CRYSTAL</li>
  <li><strong>Case Diameter:</strong> 46mm</li>
  <li><strong>Water Resistance:</strong> 50M</li>
  <li><strong>Strap:</strong> LEATHER ()</li>
  <li><strong>Clasp:</strong> Push Button Hidden Clasp</li>
  <li><strong>Warranty:</strong> 24.0 Months Official Manufacturer Warranty</li>
</ul>
<h3>Compliance & Care</h3>
<p><strong>Country of Origin:</strong> People’s Republic of China</p>
<p><strong>Manufacturer:</strong> Guangzhou Hengbaoluo Technology Co., Ltd.</p>
<p><strong>Importer / Packer:</strong> Rise N Be Original Lifestyle Pvt Ltd, Building No. 3, 4th Floor, Block M, DLF City Phase II, Road Number 5, Sector 25, Gurugram, Haryana 122008, India</p>",HANBORO,Apparel & Accessories > Jewelry > Watches,Luxury Automatic Watches,"HANBORO, Luxury Watches, Automatic, TOURBILLON, Triple Flywheel Skeleton Automatic, HBR-8851-1-R.GOLD-SILVER, Model-8851-1, Skeleton",TRUE,Title,Default Title,,,,,HBR-8851-1-R.GOLD-SILVER,250,shopify,1,continue,manual,33599,41999,TRUE,TRUE,HBR-8851-1-R.GOLD-SILVER,https://hanborowatches.in/catalog/hbr-8851-1-r_gold-silver-front.png,1,Hanboro Four Leaf Clover Series – Skeleton Automatic Watch (Rose Gold & Silver Edition) - Reference HBR-8851-1-R.GOLD-SILVER,FALSE,Hanboro Four Leaf Clover Series – Skeleton Automatic Watch (Rose Gold & Silver Edition),"The Hanboro Four Leaf Clover embodies luck, individuality, and precision. Featuring a twelve-sided diamond-cut bezel and a skeleton clover dial with three flywheels, it merges bold design with mechanical artistry. Powered by the  NH38 automatic movement with a 40-hour reserve and open exhibition back, it showcases horo",Apparel & Accessories > Jewelry > Watches,Unisex,Adult,HBR-8851-1-R.GOLD-SILVER,new,FALSE,,,,,,https://hanborowatches.in/catalog/hbr-8851-1-r_gold-silver-front.png,g,,,active
hbr-8851-1-r-gold-silver,,,,,,,,,,,,,,,,,,,,,,,,,https://hanborowatches.in/watch-carousel-octagonal.webp,2,Hanboro Four Leaf Clover Series – Skeleton Automatic Watch (Rose Gold & Silver Edition) - View 2,,,,,,,,,,,,,,,,,,,
hbr-8851-1-r-gold-brown,Hanboro Four Leaf Clover Series – Skeleton Automatic Watch (Rose Gold & Saddle Brown Edition),"<p>Hanboro Four Leaf Clover – Skeleton Automatic</p><p>A bold expression of precision engineering and timeless design.</p><p>The Hanboro Four Leaf Clover stands apart with its twelve-sided diamond-cut bezel and a striking skeleton dial shaped like a four-leaf clover—symbolizing luck, power, and individuality. Beneath the surface, three interlocking flywheels echo the harmony of constant motion, illuminated by a soft nocturnal glow that commands attention.</p><p>Crafted with meticulous detail, its luminous structure, transparent mechanics, and robust movement redefine modern horology. This is not just a watch—it's a statement of character, confidence, and craftsmanship.</p>
<h3>Specifications</h3>
<ul>
  <li><strong>Movement:</strong> Japanese Seiko NH38 mechanical movement""Thickness: 5.32mm, 24 gems, Frequency 21600 times/hour, Stop second function, Automatic/manual loading</li>
  <li><strong>Power Reserve:</strong> ~42 Hours</li>
  <li><strong>Jewels:</strong> 24 Synthetic Rubies</li>
  <li><strong>Frequency:</strong> 28,800 BPH (4 Hz)</li>
  <li><strong>Case Material:</strong> STAINLESS STEEL</li>
  <li><strong>Glass:</strong> SAPPHIRE CRYSTAL</li>
  <li><strong>Case Diameter:</strong> 46mm</li>
  <li><strong>Water Resistance:</strong> 50M</li>
  <li><strong>Strap:</strong> LEATHER ()</li>
  <li><strong>Clasp:</strong> Push Button Hidden Clasp</li>
  <li><strong>Warranty:</strong> 24.0 Months Official Manufacturer Warranty</li>
</ul>
<h3>Compliance & Care</h3>
<p><strong>Country of Origin:</strong> People’s Republic of China</p>
<p><strong>Manufacturer:</strong> Guangzhou Hengbaoluo Technology Co., Ltd.</p>
<p><strong>Importer / Packer:</strong> Rise N Be Original Lifestyle Pvt Ltd, Building No. 3, 4th Floor, Block M, DLF City Phase II, Road Number 5, Sector 25, Gurugram, Haryana 122008, India</p>",HANBORO,Apparel & Accessories > Jewelry > Watches,Luxury Automatic Watches,"HANBORO, Luxury Watches, Automatic, TOURBILLON, Triple Flywheel Skeleton Automatic, HBR-8851-1-R.GOLD-BROWN, Model-8851-1, Skeleton",TRUE,Title,Default Title,,,,,HBR-8851-1-R.GOLD-BROWN,250,shopify,2,continue,manual,33599,41999,TRUE,TRUE,HBR-8851-1-R.GOLD-BROWN,https://hanborowatches.in/catalog/hbr-8851-1-r_gold-brown-front.png,1,Hanboro Four Leaf Clover Series – Skeleton Automatic Watch (Rose Gold & Saddle Brown Edition) - Reference HBR-8851-1-R.GOLD-BROWN,FALSE,Hanboro Four Leaf Clover Series – Skeleton Automatic Watch (Rose Gold & Saddle Brown Edition),"The Hanboro Four Leaf Clover embodies luck, individuality, and precision. Featuring a twelve-sided diamond-cut bezel and a skeleton clover dial with three flywheels, it merges bold design with mechanical artistry. Powered by the  NH38 automatic movement with a 40-hour reserve and open exhibition back, it showcases horo",Apparel & Accessories > Jewelry > Watches,Unisex,Adult,HBR-8851-1-R.GOLD-BROWN,new,FALSE,,,,,,https://hanborowatches.in/catalog/hbr-8851-1-r_gold-brown-front.png,g,,,active
hbr-8851-1-r-gold-brown,,,,,,,,,,,,,,,,,,,,,,,,,https://hanborowatches.in/watch-carousel-octagonal.webp,2,Hanboro Four Leaf Clover Series – Skeleton Automatic Watch (Rose Gold & Saddle Brown Edition) - View 2,,,,,,,,,,,,,,,,,,,
hbr-985-auto-apex-rg-blk,Hanboro Apex Racer – Double Balance Wheel F1-Inspired Timepiece (Rose Gold & Jet Black),"<p>Hanboro Apex Racer – Double Balance Wheel F1-Inspired Timepiece<br/>Performance. Power. Prestige.</p><p>The Apex Racer is a mechanical beast—crafted not just to tell time, but to command it. Its bold, multi-layered steel case is sculpted with diamond-knife precision, wrapped around a skeletonized dial that exposes a twin flywheel movement built for visual drama and raw performance.</p><p>At its heart lies a 45-jewel engine, tuned for flawless execution and uncompromising precision. Every rotation, every gear is a statement—of craftsmanship, of complexity, of power in motion. Luminous numerals ignite the display, while the race-inspired silicone strap ensures comfort at high speed.</p><p>This isn’t just a timepiece. It’s a fusion of motorsport adrenaline and haute horology.<br/>Crafted for the fearless. Worn by those who live fast, dream big, and own every second.</p>
<h3>Specifications</h3>
<ul>
  <li><strong>Movement:</strong> Shanghai JHLS33-1 mechanical movement ""Thickness: 7.0mm, 45 gems, Frequency 21600 times/hour, Stop second function, Automatic/manual loading, Double Flying Wheel</li>
  <li><strong>Power Reserve:</strong> 50 Hours</li>
  <li><strong>Jewels:</strong> 35 Synthetic Rubies & Heat-Blued Screws</li>
  <li><strong>Frequency:</strong> Dual 28,800 VPH (4.0 Hz × 2) Harmonic Resonance</li>
  <li><strong>Case Material:</strong> STAINLESS STEEL</li>
  <li><strong>Glass:</strong> SAPPHIRE CRYSTAL</li>
  <li><strong>Case Diameter:</strong> 44mm</li>
  <li><strong>Water Resistance:</strong> 100M (10 ATM)</li>
  <li><strong>Strap:</strong> Silicone</li>
  <li><strong>Clasp:</strong> Push Button Hidden Clasp</li>
  <li><strong>Warranty:</strong> 24.0 Months Official Manufacturer Warranty</li>
</ul>
<h3>Compliance & Care</h3>
<p><strong>Country of Origin:</strong> People’s Republic of China</p>
<p><strong>Manufacturer:</strong> Guangzhou Hengbaoluo Technology Co., Ltd.</p>
<p><strong>Importer / Packer:</strong> Rise N Be Original Lifestyle Pvt Ltd, Building No. 3, 4th Floor, Block M, DLF City Phase II, Road Number 5, Sector 25, Gurugram, Haryana 122008, India</p>",HANBORO,Apparel & Accessories > Jewelry > Watches,Luxury Automatic Watches,"HANBORO, Luxury Watches, Automatic, TONNEAU, Double Balance Wheel F1-Inspired, HBR-985-AUTO-APEX-RG-BLK, Model-985, Skeleton",TRUE,Title,Default Title,,,,,HBR-985-AUTO-APEX-RG-BLK,250,shopify,8,continue,manual,47999,59999,TRUE,TRUE,HBR-985-AUTO-APEX-RG-BLK,https://hanborowatches.in/catalog/hbr-985-auto-apex-rg-blk-front.png,1,Hanboro Apex Racer – Double Balance Wheel F1-Inspired Timepiece (Rose Gold & Jet Black) - Reference HBR-985-AUTO-APEX-RG-BLK,FALSE,Hanboro Apex Racer – Double Balance Wheel F1-Inspired Timepiece (Rose Gold & Jet Black),"The Hanboro Apex Racer is a motorsport-inspired double flywheel timepiece built for precision and power. Its diamond-cut three-layer stainless steel case frames a skeleton dial with luminous numerals, powered by the JHLS33-1 automatic movement featuring 45 jewels, 21,600 vph, and a 48-hour power reserve. A diamond-knif",Apparel & Accessories > Jewelry > Watches,Unisex,Adult,HBR-985-AUTO-APEX-RG-BLK,new,FALSE,,,,,,https://hanborowatches.in/catalog/hbr-985-auto-apex-rg-blk-front.png,g,,,active
hbr-985-auto-apex-rg-blk,,,,,,,,,,,,,,,,,,,,,,,,,https://hanborowatches.in/watch-double-balance-cantilever-rosegold-front-transparent.webp,2,Hanboro Apex Racer – Double Balance Wheel F1-Inspired Timepiece (Rose Gold & Jet Black) - View 2,,,,,,,,,,,,,,,,,,,
hbr-985-auto-apex-rg-blk,,,,,,,,,,,,,,,,,,,,,,,,,https://hanborowatches.in/watch-double-balance-cantilever-rosegold-car.webp,3,Hanboro Apex Racer – Double Balance Wheel F1-Inspired Timepiece (Rose Gold & Jet Black) - View 3,,,,,,,,,,,,,,,,,,,
hbr-985-auto-apex-rg-blk,,,,,,,,,,,,,,,,,,,,,,,,,https://hanborowatches.in/watch-double-balance-cantilever-rosegold-cockpit.webp,4,Hanboro Apex Racer – Double Balance Wheel F1-Inspired Timepiece (Rose Gold & Jet Black) - View 4,,,,,,,,,,,,,,,,,,,
hbr-985-auto-apex-rg-blk,,,,,,,,,,,,,,,,,,,,,,,,,https://hanborowatches.in/watch-double-balance-cantilever-rosegold-steering.webp,5,Hanboro Apex Racer – Double Balance Wheel F1-Inspired Timepiece (Rose Gold & Jet Black) - View 5,,,,,,,,,,,,,,,,,,,
hbr-985-auto-apex-slvr,Hanboro Apex Racer – Double Balance Wheel F1-Inspired Timepiece (Polished Steel Edition),"<p>Hanboro Apex Racer – Double Balance Wheel F1-Inspired Timepiece<br/>Performance. Power. Prestige.</p><p>The Apex Racer is a mechanical beast—crafted not just to tell time, but to command it. Its bold, multi-layered steel case is sculpted with diamond-knife precision, wrapped around a skeletonized dial that exposes a twin flywheel movement built for visual drama and raw performance.</p><p>At its heart lies a 45-jewel engine, tuned for flawless execution and uncompromising precision. Every rotation, every gear is a statement—of craftsmanship, of complexity, of power in motion. Luminous numerals ignite the display, while the race-inspired silicone strap ensures comfort at high speed.</p><p>This isn’t just a timepiece. It’s a fusion of motorsport adrenaline and haute horology.<br/>Crafted for the fearless. Worn by those who live fast, dream big, and own every second.</p>
<h3>Specifications</h3>
<ul>
  <li><strong>Movement:</strong> Shanghai JHLS33-1 mechanical movement ""Thickness: 7.0mm, 45 gems, Frequency 21600 times/hour, Stop second function, Automatic/manual loading, Double Flying Wheel</li>
  <li><strong>Power Reserve:</strong> 50 Hours</li>
  <li><strong>Jewels:</strong> 35 Synthetic Rubies & Heat-Blued Screws</li>
  <li><strong>Frequency:</strong> Dual 28,800 VPH (4.0 Hz × 2) Harmonic Resonance</li>
  <li><strong>Case Material:</strong> STAINLESS STEEL</li>
  <li><strong>Glass:</strong> SAPPHIRE CRYSTAL</li>
  <li><strong>Case Diameter:</strong> 44mm</li>
  <li><strong>Water Resistance:</strong> 7/50M</li>
  <li><strong>Strap:</strong> Silicone</li>
  <li><strong>Clasp:</strong> Push Button Hidden Clasp</li>
  <li><strong>Warranty:</strong> 24.0 Months Official Manufacturer Warranty</li>
</ul>
<h3>Compliance & Care</h3>
<p><strong>Country of Origin:</strong> People’s Republic of China</p>
<p><strong>Manufacturer:</strong> Guangzhou Hengbaoluo Technology Co., Ltd.</p>
<p><strong>Importer / Packer:</strong> Rise N Be Original Lifestyle Pvt Ltd, Building No. 3, 4th Floor, Block M, DLF City Phase II, Road Number 5, Sector 25, Gurugram, Haryana 122008, India</p>",HANBORO,Apparel & Accessories > Jewelry > Watches,Luxury Automatic Watches,"HANBORO, Luxury Watches, Automatic, TONNEAU, Double Balance Wheel F1-Inspired, HBR-985-AUTO-APEX-slvr, Model-985, Skeleton",TRUE,Title,Default Title,,,,,HBR-985-AUTO-APEX-slvr,250,shopify,2,continue,manual,47999,59999,TRUE,TRUE,HBR-985-AUTO-APEX-slvr,https://hanborowatches.in/transparent/hbr-985-auto-apex-slvr.webp,1,Hanboro Apex Racer – Double Balance Wheel F1-Inspired Timepiece (Polished Steel Edition) - Reference HBR-985-AUTO-APEX-slvr,FALSE,Hanboro Apex Racer – Double Balance Wheel F1-Inspired Timepiece (Polished Steel Edition),"The Hanboro Apex Racer is a motorsport-inspired double flywheel timepiece built for precision and power. Its diamond-cut three-layer stainless steel case frames a skeleton dial with luminous numerals, powered by the JHLS33-1 automatic movement featuring 45 jewels, 21,600 vph, and a 48-hour power reserve. A diamond-knif",Apparel & Accessories > Jewelry > Watches,Unisex,Adult,HBR-985-AUTO-APEX-slvr,new,FALSE,,,,,,https://hanborowatches.in/transparent/hbr-985-auto-apex-slvr.webp,g,,,active
hbr-985-auto-apex-slvr,,,,,,,,,,,,,,,,,,,,,,,,,https://hanborowatches.in/watch-double-balance-cantilever-rosegold-front-transparent.webp,2,Hanboro Apex Racer – Double Balance Wheel F1-Inspired Timepiece (Polished Steel Edition) - View 2,,,,,,,,,,,,,,,,,,,
hbr-985-auto-apex-slvr,,,,,,,,,,,,,,,,,,,,,,,,,https://hanborowatches.in/catalog/hbr-985-auto-apex-slvr-view-1.jpg,3,Hanboro Apex Racer – Double Balance Wheel F1-Inspired Timepiece (Polished Steel Edition) - View 3,,,,,,,,,,,,,,,,,,,
hbr-985-auto-apex-slvr,,,,,,,,,,,,,,,,,,,,,,,,,https://hanborowatches.in/catalog/hbr-985-auto-apex-slvr-front.jpg,4,Hanboro Apex Racer – Double Balance Wheel F1-Inspired Timepiece (Polished Steel Edition) - View 4,,,,,,,,,,,,,,,,,,,
hbr-980-auto-orbita-g,Hanboro Orbita – Tourbillon Watch with Planetarium Design (Rose Gold Edition),"<p>Hanboro Orbita – Tourbillon Watch with Planetarium Design<br/>A cosmic fusion of mechanics and design.</p><p>Featuring a 24-hour rotating globe, luminous starfield, and engraved flywheel, the Hanboro Orbita captures the beauty of the universe in motion. Powered by the Shanghai 2797B mechanical movement with a 42-hour reserve, it showcases a visible tourbillon through a skeleton dial and exhibition caseback.</p><p>Housed in rose gold 304 stainless steel with a 3D sapphire crystal mirror and paired with a soft silicone strap, it’s bold, brilliant, and built for visionaries</p>
<h3>Specifications</h3>
<ul>
  <li><strong>Movement:</strong> Chinese Liaocheng 2797B Mechanical Movement ""Thickness: 6.8mm, 22 gems, Frequency 21600 times/hour, Stop second function, Automatic/manual loading</li>
  <li><strong>Power Reserve:</strong> Approx. 42 Hours</li>
  <li><strong>Jewels:</strong> 21+ Jewels</li>
  <li><strong>Frequency:</strong> 21,600 VPH</li>
  <li><strong>Case Material:</strong> 316L Stainless Steel</li>
  <li><strong>Glass:</strong> Synthetic Sapphire Crystal</li>
  <li><strong>Case Diameter:</strong> 46mm</li>
  <li><strong>Water Resistance:</strong> 50M (5 ATM)</li>
  <li><strong>Strap:</strong> Fluororubber / Stainless Steel</li>
  <li><strong>Clasp:</strong> Butterfly Clasp / Tang Buckle</li>
  <li><strong>Warranty:</strong> 24 Months Official Manufacturer Warranty</li>
</ul>
<h3>Compliance & Care</h3>
<p><strong>Country of Origin:</strong> People’s Republic of China</p>
<p><strong>Manufacturer:</strong> Guangzhou Hengbaoluo Technology Co., Ltd.</p>
<p><strong>Importer / Packer:</strong> Rise N Be Original Lifestyle Pvt Ltd, Building No. 3, 4th Floor, Block M, DLF City Phase II, Road Number 5, Sector 25, Gurugram, Haryana 122008, India</p>",HANBORO,Apparel & Accessories > Jewelry > Watches,Luxury Automatic Watches,"HANBORO, Luxury Watches, Automatic, TOURBILLON, Flagship Planetarium Complication, HBR-980-AUTO-ORBITA-G, Model-980-1, Skeleton",TRUE,Title,Default Title,,,,,HBR-980-AUTO-ORBITA-G,250,shopify,1,continue,manual,35999,44999,TRUE,TRUE,HBR-980-AUTO-ORBITA-G,https://hanborowatches.in/catalog/hbr-980-auto-orbita-g-front.png,1,Hanboro Orbita – Tourbillon Watch with Planetarium Design (Rose Gold Edition) - Reference HBR-980-AUTO-ORBITA-G,FALSE,Hanboro Orbita – Tourbillon Watch with Planetarium Design (Rose Gold Edition),Product selling points:,Apparel & Accessories > Jewelry > Watches,Unisex,Adult,HBR-980-AUTO-ORBITA-G,new,FALSE,,,,,,https://hanborowatches.in/catalog/hbr-980-auto-orbita-g-front.png,g,,,active
hbr-980-auto-orbita-g,,,,,,,,,,,,,,,,,,,,,,,,,https://hanborowatches.in/catalog/hbr-980-auto-orbita-gold-front.jpg,2,Hanboro Orbita – Tourbillon Watch with Planetarium Design (Rose Gold Edition) - View 2,,,,,,,,,,,,,,,,,,,
hbr-980-auto-orbita-g,,,,,,,,,,,,,,,,,,,,,,,,,https://hanborowatches.in/catalog/hbr-980-auto-orbita-gold-view-1.jpg,3,Hanboro Orbita – Tourbillon Watch with Planetarium Design (Rose Gold Edition) - View 3,,,,,,,,,,,,,,,,,,,
hbr-980-auto-orbita-s,Hanboro Orbita – Tourbillon Watch with Planetarium Design (Silver Starfield Edition),"<p>Hanboro Orbita – Tourbillon Watch with Planetarium Design<br/>A cosmic fusion of mechanics and design.</p><p>Featuring a 24-hour rotating globe, luminous starfield, and engraved flywheel, the Hanboro Orbita captures the beauty of the universe in motion. Powered by the Shanghai 2797B mechanical movement with a 42-hour reserve, it showcases a visible tourbillon through a skeleton dial and exhibition caseback.</p><p>Housed in rose gold 304 stainless steel with a 3D sapphire crystal mirror and paired with a soft silicone strap, it’s bold, brilliant, and built for visionaries</p>
<h3>Specifications</h3>
<ul>
  <li><strong>Movement:</strong> Chinese Liaocheng 2797B Mechanical Movement ""Thickness: 6.8mm, 22 gems, Frequency 21600 times/hour, Stop second function, Automatic/manual loading</li>
  <li><strong>Power Reserve:</strong> 72 Hours (Twin-Barrel High-Torque System)</li>
  <li><strong>Jewels:</strong> 33 Synthetic Rubies</li>
  <li><strong>Frequency:</strong> 28,800 VPH (4.0 Hz)</li>
  <li><strong>Case Material:</strong> STAINLESS STEEL</li>
  <li><strong>Glass:</strong> SAPPHIRE CRYSTAL</li>
  <li><strong>Case Diameter:</strong> 46mm</li>
  <li><strong>Water Resistance:</strong> 50M (5 ATM)</li>
  <li><strong>Strap:</strong> Silicone</li>
  <li><strong>Clasp:</strong> Push Button Hidden Clasp</li>
  <li><strong>Warranty:</strong> 24.0 Months Official Manufacturer Warranty</li>
</ul>
<h3>Compliance & Care</h3>
<p><strong>Country of Origin:</strong> People’s Republic of China</p>
<p><strong>Manufacturer:</strong> Guangzhou Hengbaoluo Technology Co., Ltd.</p>
<p><strong>Importer / Packer:</strong> Rise N Be Original Lifestyle Pvt Ltd, Building No. 3, 4th Floor, Block M, DLF City Phase II, Road Number 5, Sector 25, Gurugram, Haryana 122008, India</p>",HANBORO,Apparel & Accessories > Jewelry > Watches,Luxury Automatic Watches,"HANBORO, Luxury Watches, Automatic, TOURBILLON, Flagship Planetarium Complication, HBR-980-AUTO-ORBITA-S, Model-980-1, Skeleton",TRUE,Title,Default Title,,,,,HBR-980-AUTO-ORBITA-S,250,shopify,2,continue,manual,35999,44999,TRUE,TRUE,HBR-980-AUTO-ORBITA-S,https://hanborowatches.in/catalog/hbr-980-auto-orbita-s-front.png,1,Hanboro Orbita – Tourbillon Watch with Planetarium Design (Silver Starfield Edition) - Reference HBR-980-AUTO-ORBITA-S,FALSE,Hanboro Orbita – Tourbillon Watch with Planetarium Design (Silver Starfield Edition),"The Hanboro Orbita blends cosmic artistry with mechanical mastery. Featuring a 24-hour rotating globe, luminous starfield dial, and flywheel tourbillon, it is powered by the Shanghai 2797B automatic movement with 22 jewels and 42-hour reserve. Housed in rose gold stainless steel with a 3D crystal mirror and paired with",Apparel & Accessories > Jewelry > Watches,Unisex,Adult,HBR-980-AUTO-ORBITA-S,new,FALSE,,,,,,https://hanborowatches.in/catalog/hbr-980-auto-orbita-s-front.png,g,,,active
hbr-980-auto-orbita-s,,,,,,,,,,,,,,,,,,,,,,,,,https://hanborowatches.in/watch-astroworld-moon-silver-front-transparent.webp,2,Hanboro Orbita – Tourbillon Watch with Planetarium Design (Silver Starfield Edition) - View 2,,,,,,,,,,,,,,,,,,,
hbr-980-auto-orbita-s,,,,,,,,,,,,,,,,,,,,,,,,,https://hanborowatches.in/watch-astroworld-moon-silver-racetrack.webp,3,Hanboro Orbita – Tourbillon Watch with Planetarium Design (Silver Starfield Edition) - View 3,,,,,,,,,,,,,,,,,,,
hbr-980-auto-orbita-s,,,,,,,,,,,,,,,,,,,,,,,,,https://hanborowatches.in/watch-astroworld-moon-silver-wrist.webp,4,Hanboro Orbita – Tourbillon Watch with Planetarium Design (Silver Starfield Edition) - View 4,,,,,,,,,,,,,,,,,,,
hbr-980-auto-orbita-s,,,,,,,,,,,,,,,,,,,,,,,,,https://hanborowatches.in/watch-astroworld-moon-silver-moon.webp,5,Hanboro Orbita – Tourbillon Watch with Planetarium Design (Silver Starfield Edition) - View 5,,,,,,,,,,,,,,,,,,,
hbr-995-1-auto-g,Hanboro REV-X Ignition – Motorsport Edition Tourbillon Watch (Rose Gold),"<p>Hanboro REV-X Ignition – Motorsport Edition – Tourbillon Watch</p><p>Inspired by the raw power of motorsport engineering, the Hanboro REV-X Ignition is a bold expression of modern horology. With its sculpted steel case and futuristic skeleton dial, this timepiece captures the adrenaline of speed and precision.</p><p>The rotating carved flywheel, designed in the shape of Earth, reveals the heartbeat of the machine—glowing vividly in the dark, ready to ignite attention wherever it goes. Every detail, from the transparent back to the signature cut crystal mirror, is crafted to thrill.</p><p>A true statement piece for those who live fast, think sharp, and never blend in.</p>
<h3>Specifications</h3>
<ul>
  <li><strong>Movement:</strong> Shanghai 2797B hollow mechanical movement, Frequency: 21,600 vibrations/hour, Power Reserve: 42 hours, Automatic/manual winding</li>
  <li><strong>Power Reserve:</strong> Approx. 42 Hours</li>
  <li><strong>Jewels:</strong> 21+ Jewels</li>
  <li><strong>Frequency:</strong> 21,600 VPH</li>
  <li><strong>Case Material:</strong> 316L Stainless Steel</li>
  <li><strong>Glass:</strong> Synthetic Sapphire Crystal</li>
  <li><strong>Case Diameter:</strong> 46mm</li>
  <li><strong>Water Resistance:</strong> 50M (5 ATM)</li>
  <li><strong>Strap:</strong> Fluororubber / Stainless Steel</li>
  <li><strong>Clasp:</strong> Butterfly Clasp / Tang Buckle</li>
  <li><strong>Warranty:</strong> 24 Months Official Manufacturer Warranty</li>
</ul>
<h3>Compliance & Care</h3>
<p><strong>Country of Origin:</strong> People’s Republic of China</p>
<p><strong>Manufacturer:</strong> Guangzhou Hengbaoluo Technology Co., Ltd.</p>
<p><strong>Importer / Packer:</strong> Rise N Be Original Lifestyle Pvt Ltd, Building No. 3, 4th Floor, Block M, DLF City Phase II, Road Number 5, Sector 25, Gurugram, Haryana 122008, India</p>",HANBORO,Apparel & Accessories > Jewelry > Watches,Luxury Automatic Watches,"HANBORO, Luxury Watches, Automatic, TOURBILLON, Motorsport Tourbillon Complication, HBR-995-1-AUTO-G, Model-995-1, Skeleton",TRUE,Title,Default Title,,,,,HBR-995-1-AUTO-G,250,shopify,8,continue,manual,35999,44999,TRUE,TRUE,HBR-995-1-AUTO-G,https://hanborowatches.in/catalog/hbr-995-1-auto-g-front.png,1,Hanboro REV-X Ignition – Motorsport Edition Tourbillon Watch (Rose Gold) - Reference HBR-995-1-AUTO-G,FALSE,Hanboro REV-X Ignition – Motorsport Edition Tourbillon Watch (Rose Gold),Product selling points:,Apparel & Accessories > Jewelry > Watches,Unisex,Adult,HBR-995-1-AUTO-G,new,FALSE,,,,,,https://hanborowatches.in/catalog/hbr-995-1-auto-g-front.png,g,,,active
hbr-995-1-auto-g,,,,,,,,,,,,,,,,,,,,,,,,,https://hanborowatches.in/catalog/hbr-995-1-auto-gold-front.jpg,2,Hanboro REV-X Ignition – Motorsport Edition Tourbillon Watch (Rose Gold) - View 2,,,,,,,,,,,,,,,,,,,
hbr-995-1-auto-g,,,,,,,,,,,,,,,,,,,,,,,,,https://hanborowatches.in/catalog/hbr-995-1-auto-gold-view-1.jpg,3,Hanboro REV-X Ignition – Motorsport Edition Tourbillon Watch (Rose Gold) - View 3,,,,,,,,,,,,,,,,,,,
hbr-995-1-auto-s,Hanboro REV-X Ignition – Motorsport Edition Tourbillon Watch (Silver),"<p>Hanboro REV-X Ignition – Motorsport Edition – Tourbillon Watch</p><p>Inspired by the raw power of motorsport engineering, the Hanboro REV-X Ignition is a bold expression of modern horology. With its sculpted steel case and futuristic skeleton dial, this timepiece captures the adrenaline of speed and precision.</p><p>The rotating carved flywheel, designed in the shape of Earth, reveals the heartbeat of the machine—glowing vividly in the dark, ready to ignite attention wherever it goes. Every detail, from the transparent back to the signature cut crystal mirror, is crafted to thrill.</p><p>A true statement piece for those who live fast, think sharp, and never blend in.</p>
<h3>Specifications</h3>
<ul>
  <li><strong>Movement:</strong> Shanghai 2797B hollow mechanical movement, Frequency: 21,600 vibrations/hour, Power Reserve: 42 hours, Automatic/manual winding</li>
  <li><strong>Power Reserve:</strong> 50 Hours</li>
  <li><strong>Jewels:</strong> 31 Synthetic Rubies</li>
  <li><strong>Frequency:</strong> 28,800 VPH (4.0 Hz)</li>
  <li><strong>Case Material:</strong> STAINLESS STEEL</li>
  <li><strong>Glass:</strong> SAPPHIRE CRYSTAL</li>
  <li><strong>Case Diameter:</strong> 46mm</li>
  <li><strong>Water Resistance:</strong> 50M (5 ATM)</li>
  <li><strong>Strap:</strong> Silicone</li>
  <li><strong>Clasp:</strong> Push Button Hidden Clasp</li>
  <li><strong>Warranty:</strong> 24.0 Months Official Manufacturer Warranty</li>
</ul>
<h3>Compliance & Care</h3>
<p><strong>Country of Origin:</strong> People’s Republic of China</p>
<p><strong>Manufacturer:</strong> Guangzhou Hengbaoluo Technology Co., Ltd.</p>
<p><strong>Importer / Packer:</strong> Rise N Be Original Lifestyle Pvt Ltd, Building No. 3, 4th Floor, Block M, DLF City Phase II, Road Number 5, Sector 25, Gurugram, Haryana 122008, India</p>",HANBORO,Apparel & Accessories > Jewelry > Watches,Luxury Automatic Watches,"HANBORO, Luxury Watches, Automatic, TOURBILLON, Motorsport Tourbillon Complication, HBR-995-1-AUTO-S, Model-995-1, Skeleton",TRUE,Title,Default Title,,,,,HBR-995-1-AUTO-S,250,shopify,5,continue,manual,35999,44999,TRUE,TRUE,HBR-995-1-AUTO-S,https://hanborowatches.in/catalog/hbr-995-1-auto-s-front.png,1,Hanboro REV-X Ignition – Motorsport Edition Tourbillon Watch (Silver) - Reference HBR-995-1-AUTO-S,FALSE,Hanboro REV-X Ignition – Motorsport Edition Tourbillon Watch (Silver),"Hanboro REV-X Ignition – Motorsport Edition is a bold tourbillon watch featuring a diamond-cut stainless steel case, convex skeleton dial, and luminous Earth-shaped flywheel. Powered by the Shanghai 2797B movement with 22 jewels, 42-hour reserve, and a transparent back, it’s crafted for those who live fast and stand ou",Apparel & Accessories > Jewelry > Watches,Unisex,Adult,HBR-995-1-AUTO-S,new,FALSE,,,,,,https://hanborowatches.in/catalog/hbr-995-1-auto-s-front.png,g,,,active
hbr-995-1-auto-s,,,,,,,,,,,,,,,,,,,,,,,,,https://hanborowatches.in/watch-mecha-cantilever-tourbillon-iceblue-front-transparent.webp,2,Hanboro REV-X Ignition – Motorsport Edition Tourbillon Watch (Silver) - View 2,,,,,,,,,,,,,,,,,,,
hbr-995-1-auto-s,,,,,,,,,,,,,,,,,,,,,,,,,https://hanborowatches.in/watch-mecha-cantilever-tourbillon-iceblue-mecha.webp,3,Hanboro REV-X Ignition – Motorsport Edition Tourbillon Watch (Silver) - View 3,,,,,,,,,,,,,,,,,,,
hbr-995-1-auto-s,,,,,,,,,,,,,,,,,,,,,,,,,https://hanborowatches.in/watch-mecha-cantilever-tourbillon-iceblue-isometric.webp,4,Hanboro REV-X Ignition – Motorsport Edition Tourbillon Watch (Silver) - View 4,,,,,,,,,,,,,,,,,,,
hbr-995-1-auto-s,,,,,,,,,,,,,,,,,,,,,,,,,https://hanborowatches.in/watch-mecha-cantilever-tourbillon-iceblue-splash.webp,5,Hanboro REV-X Ignition – Motorsport Edition Tourbillon Watch (Silver) - View 5,,,,,,,,,,,,,,,,,,,
hbr-995-1-auto-s,,,,,,,,,,,,,,,,,,,,,,,,,https://hanborowatches.in/watch-mecha-cantilever-tourbillon-iceblue-wrist.webp,6,Hanboro REV-X Ignition – Motorsport Edition Tourbillon Watch (Silver) - View 6,,,,,,,,,,,,,,,,,,,
hbr-927-slv-blk,Hanboro FaceShift Series – FaceShift Automatic (Silver & Black),"<p>Hanboro FaceShift Series – FaceShift Automatic<br/>“Six faces. One bold identity.”</p><p>A mechanical tribute to transformation and legacy, this timepiece features six rotating face masks, each appearing every four hours. Every face tells a story—power, wisdom, rebellion, honor, fearlessness, and clarity—capturing the many dimensions of identity.</p><p>The fan-shaped crystal bezel draws from traditional art forms, and in every box, you’ll find a handcrafted ceremonial fan, symbolizing elegance and heritage. Paired with luminous accents, exposed mechanics, and a bold silhouette, this watch is designed for those who wear their story with pride.</p>
<h3>Specifications</h3>
<ul>
  <li><strong>Movement:</strong> Japanese CITIZEN 8215 mechanical movement ""Thickness: 5.67mm, 21 gems, Frequency 21600 times/hour, Stop second function, Automatic/manual loading</li>
  <li><strong>Power Reserve:</strong> 50 Hours</li>
  <li><strong>Jewels:</strong> 28 Synthetic Rubies & Micro-Gems</li>
  <li><strong>Frequency:</strong> 28,800 VPH (4.0 Hz)</li>
  <li><strong>Case Material:</strong> STAINLESS STEEL</li>
  <li><strong>Glass:</strong> SAPPHIRE CRYSTAL</li>
  <li><strong>Case Diameter:</strong> 43mm</li>
  <li><strong>Water Resistance:</strong> 50M (5 ATM)</li>
  <li><strong>Strap:</strong> Silicone</li>
  <li><strong>Clasp:</strong> Push Button Hidden Clasp</li>
  <li><strong>Warranty:</strong> 24.0 Months Official Manufacturer Warranty</li>
</ul>
<h3>Compliance & Care</h3>
<p><strong>Country of Origin:</strong> People’s Republic of China</p>
<p><strong>Manufacturer:</strong> Guangzhou Hengbaoluo Technology Co., Ltd.</p>
<p><strong>Importer / Packer:</strong> Rise N Be Original Lifestyle Pvt Ltd, Building No. 3, 4th Floor, Block M, DLF City Phase II, Road Number 5, Sector 25, Gurugram, Haryana 122008, India</p>",HANBORO,Apparel & Accessories > Jewelry > Watches,Luxury Automatic Watches,"HANBORO, Luxury Watches, Automatic, TONNEAU, FaceShift Six Masks Complication, HBR-927-SLV-BLK, Model-927-2, Skeleton",TRUE,Title,Default Title,,,,,HBR-927-SLV-BLK,250,shopify,1,continue,manual,42399,52999,TRUE,TRUE,HBR-927-SLV-BLK,https://hanborowatches.in/catalog/hbr-927-slv-blk-front.png,1,Hanboro FaceShift Series – FaceShift Automatic (Silver & Black) - Reference HBR-927-SLV-BLK,FALSE,Hanboro FaceShift Series – FaceShift Automatic (Silver & Black),"Hanboro FaceShift Automatic—six faces shifting every 4 hrs, 174 diamonds, Japanese movement. A bold legacy of luxury.",Apparel & Accessories > Jewelry > Watches,Unisex,Adult,HBR-927-SLV-BLK,new,FALSE,,,,,,https://hanborowatches.in/catalog/hbr-927-slv-blk-front.png,g,,,active
hbr-927-slv-blk,,,,,,,,,,,,,,,,,,,,,,,,,https://hanborowatches.in/watch-sichuan-opera-steel-front-transparent.webp,2,Hanboro FaceShift Series – FaceShift Automatic (Silver & Black) - View 2,,,,,,,,,,,,,,,,,,,
hbr-927-slv-blk,,,,,,,,,,,,,,,,,,,,,,,,,https://hanborowatches.in/watch-sichuan-opera-steel-box.webp,3,Hanboro FaceShift Series – FaceShift Automatic (Silver & Black) - View 3,,,,,,,,,,,,,,,,,,,
hbr-927-slv-blk,,,,,,,,,,,,,,,,,,,,,,,,,https://hanborowatches.in/watch-sichuan-opera-steel-wrist.webp,4,Hanboro FaceShift Series – FaceShift Automatic (Silver & Black) - View 4,,,,,,,,,,,,,,,,,,,
hbr-927-slv-blk,,,,,,,,,,,,,,,,,,,,,,,,,https://hanborowatches.in/watch-sichuan-opera-steel-macro.webp,5,Hanboro FaceShift Series – FaceShift Automatic (Silver & Black) - View 5,,,,,,,,,,,,,,,,,,,
hbr-927-rg-blk,Hanboro FaceShift Series – FaceShift Automatic (Rose Gold & Black),"<p>Hanboro FaceShift Series – FaceShift Automatic<br/>“Six faces. One bold identity.”</p><p>A mechanical tribute to transformation and legacy, this timepiece features six rotating face masks, each appearing every four hours. Every face tells a story—power, wisdom, rebellion, honor, fearlessness, and clarity—capturing the many dimensions of identity.</p><p>The fan-shaped crystal bezel draws from traditional art forms, and in every box, you’ll find a handcrafted ceremonial fan, symbolizing elegance and heritage. Paired with luminous accents, exposed mechanics, and a bold silhouette, this watch is designed for those who wear their story with pride.</p>
<h3>Specifications</h3>
<ul>
  <li><strong>Movement:</strong> Japanese CITIZEN 8215 mechanical movement ""Thickness: 5.67mm, 21 gems, Frequency 21600 times/hour, Stop second function, Automatic/manual loading</li>
  <li><strong>Power Reserve:</strong> Approx. 42 Hours</li>
  <li><strong>Jewels:</strong> 21+ Jewels</li>
  <li><strong>Frequency:</strong> 21,600 VPH</li>
  <li><strong>Case Material:</strong> 316L Stainless Steel</li>
  <li><strong>Glass:</strong> Synthetic Sapphire Crystal</li>
  <li><strong>Case Diameter:</strong> 43mm</li>
  <li><strong>Water Resistance:</strong> 50M (5 ATM)</li>
  <li><strong>Strap:</strong> Fluororubber / Stainless Steel</li>
  <li><strong>Clasp:</strong> Butterfly Clasp / Tang Buckle</li>
  <li><strong>Warranty:</strong> 24 Months Official Manufacturer Warranty</li>
</ul>
<h3>Compliance & Care</h3>
<p><strong>Country of Origin:</strong> People’s Republic of China</p>
<p><strong>Manufacturer:</strong> Guangzhou Hengbaoluo Technology Co., Ltd.</p>
<p><strong>Importer / Packer:</strong> Rise N Be Original Lifestyle Pvt Ltd, Building No. 3, 4th Floor, Block M, DLF City Phase II, Road Number 5, Sector 25, Gurugram, Haryana 122008, India</p>",HANBORO,Apparel & Accessories > Jewelry > Watches,Luxury Automatic Watches,"HANBORO, Luxury Watches, Automatic, TONNEAU, FaceShift Six Masks Complication, HBR-927-RG-BLK, Model-927-2, Skeleton",TRUE,Title,Default Title,,,,,HBR-927-RG-BLK,250,shopify,8,continue,manual,42399,52999,TRUE,TRUE,HBR-927-RG-BLK,https://hanborowatches.in/catalog/hbr-927-rg-blk-front.png,1,Hanboro FaceShift Series – FaceShift Automatic (Rose Gold & Black) - Reference HBR-927-RG-BLK,FALSE,Hanboro FaceShift Series – FaceShift Automatic (Rose Gold & Black),Product selling points:,Apparel & Accessories > Jewelry > Watches,Unisex,Adult,HBR-927-RG-BLK,new,FALSE,,,,,,https://hanborowatches.in/catalog/hbr-927-rg-blk-front.png,g,,,active
hbr-927-rg-blk,,,,,,,,,,,,,,,,,,,,,,,,,https://hanborowatches.in/watch-sichuan-opera-steel-box.webp,2,Hanboro FaceShift Series – FaceShift Automatic (Rose Gold & Black) - View 2,,,,,,,,,,,,,,,,,,,
hbr-927-rg-blk,,,,,,,,,,,,,,,,,,,,,,,,,https://hanborowatches.in/watch-sichuan-opera-steel-wrist.webp,3,Hanboro FaceShift Series – FaceShift Automatic (Rose Gold & Black) - View 3,,,,,,,,,,,,,,,,,,,
hbr-927-rg-blk,,,,,,,,,,,,,,,,,,,,,,,,,https://hanborowatches.in/watch-sichuan-opera-steel-macro.webp,4,Hanboro FaceShift Series – FaceShift Automatic (Rose Gold & Black) - View 4,,,,,,,,,,,,,,,,,,,
hbr-927-rg-blk,,,,,,,,,,,,,,,,,,,,,,,,,https://hanborowatches.in/transparent/hbr-927-rgold-blk.webp,5,Hanboro FaceShift Series – FaceShift Automatic (Rose Gold & Black) - View 5,,,,,,,,,,,,,,,,,,,
hbr-927-rg-blk,,,,,,,,,,,,,,,,,,,,,,,,,https://hanborowatches.in/catalog/hbr-927-gold-blk-view-1.jpg,6,Hanboro FaceShift Series – FaceShift Automatic (Rose Gold & Black) - View 6,,,,,,,,,,,,,,,,,,,
hbr-927-rg-blk,,,,,,,,,,,,,,,,,,,,,,,,,https://hanborowatches.in/transparent/sichuan-opera-diamond-tonneau.webp,7,Hanboro FaceShift Series – FaceShift Automatic (Rose Gold & Black) - View 7,,,,,,,,,,,,,,,,,,,
hbr-30027-1-auto-gear-slv-blk,Gear Rider – Skeleton Tourbillon Masterpiece (Silver & Black),"<p>Gear Rider – Skeleton Tourbillon Masterpiece<br/>Where timeless elegance meets mechanical brilliance.</p><p>The Gear Rider is a tribute to refined engineering—an openworked marvel that exposes the poetry of movement beneath its sapphire-clear surface. With its sculpted steel case and intricate dial, every element reflects the craftsmanship of a watch built not just to tell time, but to embody it.</p><p>At the center, a skeletonized flywheel pulses with precision, framed by a dial that balances complexity with clarity. Its luxurious finish, seamless contours, and commanding presence on the wrist make it a true statement of power and taste.</p><p>This is more than a timepiece. This is the signature of those who understand legacy, and wear it with quiet authority.</p>
<h3>Specifications</h3>
<ul>
  <li><strong>Movement:</strong> Chinese Liaocheng 2797B Mechanical Movement ""Thickness: 6.8mm, 22 gems, Frequency 21600 times/hour, Stop second function, Automatic/manual loading</li>
  <li><strong>Power Reserve:</strong> 45 Hours</li>
  <li><strong>Jewels:</strong> 28 Synthetic Rubies</li>
  <li><strong>Frequency:</strong> 28,800 VPH (4.0 Hz)</li>
  <li><strong>Case Material:</strong> STAINLESS STEEL</li>
  <li><strong>Glass:</strong> SAPPHIRE CRYSTAL</li>
  <li><strong>Case Diameter:</strong> 41mm</li>
  <li><strong>Water Resistance:</strong> 6/50M</li>
  <li><strong>Strap:</strong> LEATHER</li>
  <li><strong>Clasp:</strong> Push Button Hidden Clasp</li>
  <li><strong>Warranty:</strong> 24.0 Months Official Manufacturer Warranty</li>
</ul>
<h3>Compliance & Care</h3>
<p><strong>Country of Origin:</strong> People’s Republic of China</p>
<p><strong>Manufacturer:</strong> Guangzhou Hengbaoluo Technology Co., Ltd.</p>
<p><strong>Importer / Packer:</strong> Rise N Be Original Lifestyle Pvt Ltd, Building No. 3, 4th Floor, Block M, DLF City Phase II, Road Number 5, Sector 25, Gurugram, Haryana 122008, India</p>",HANBORO,Apparel & Accessories > Jewelry > Watches,Luxury Automatic Watches,"HANBORO, Luxury Watches, Automatic, TOURBILLON, Gear Rider Skeleton Tourbillon, HBR-30027-1-AUTO-GEAR-SLV-BLK, Model-30027-1, Skeleton",TRUE,Title,Default Title,,,,,HBR-30027-1-AUTO-GEAR-SLV-BLK,250,shopify,2,continue,manual,29599,36999,TRUE,TRUE,HBR-30027-1-AUTO-GEAR-SLV-BLK,https://hanborowatches.in/catalog/hbr-30027-1-auto-gear-slv-blk-front.png,1,Gear Rider – Skeleton Tourbillon Masterpiece (Silver & Black) - Reference HBR-30027-1-AUTO-GEAR-SLV-BLK,FALSE,Gear Rider – Skeleton Tourbillon Masterpiece (Silver & Black),"Hanboro Gear Rider—skeletonized automatic with 22 jewels, Geneva patterns, sapphire glass, and leather strap.",Apparel & Accessories > Jewelry > Watches,Unisex,Adult,HBR-30027-1-AUTO-GEAR-SLV-BLK,new,FALSE,,,,,,https://hanborowatches.in/catalog/hbr-30027-1-auto-gear-slv-blk-front.png,g,,,active
hbr-30027-1-auto-gear-slv-blk,,,,,,,,,,,,,,,,,,,,,,,,,https://hanborowatches.in/catalog/hbr-30027-1-auto-gear-slv-blk-view-1.jpg,2,Gear Rider – Skeleton Tourbillon Masterpiece (Silver & Black) - View 2,,,,,,,,,,,,,,,,,,,
hbr-30027-1-auto-gear-gld-blk,Gear Rider – Skeleton Tourbillon Masterpiece (Gold & Black),"<p>Gear Rider – Skeleton Tourbillon Masterpiece<br/>Where timeless elegance meets mechanical brilliance.</p><p>The Gear Rider is a tribute to refined engineering—an openworked marvel that exposes the poetry of movement beneath its sapphire-clear surface. With its sculpted steel case and intricate dial, every element reflects the craftsmanship of a watch built not just to tell time, but to embody it.</p><p>At the center, a skeletonized flywheel pulses with precision, framed by a dial that balances complexity with clarity. Its luxurious finish, seamless contours, and commanding presence on the wrist make it a true statement of power and taste.</p><p>This is more than a timepiece. This is the signature of those who understand legacy, and wear it with quiet authority.</p>
<h3>Specifications</h3>
<ul>
  <li><strong>Movement:</strong> Chinese Liaocheng 2797B Mechanical Movement ""Thickness: 6.8mm, 22 gems, Frequency 21600 times/hour, Stop second function, Automatic/manual loading</li>
  <li><strong>Power Reserve:</strong> 45 Hours</li>
  <li><strong>Jewels:</strong> 28 Synthetic Rubies</li>
  <li><strong>Frequency:</strong> 28,800 VPH (4.0 Hz)</li>
  <li><strong>Case Material:</strong> STAINLESS STEEL</li>
  <li><strong>Glass:</strong> SAPPHIRE CRYSTAL</li>
  <li><strong>Case Diameter:</strong> 41mm</li>
  <li><strong>Water Resistance:</strong> 50M (5 ATM)</li>
  <li><strong>Strap:</strong> LEATHER</li>
  <li><strong>Clasp:</strong> Push Button Hidden Clasp</li>
  <li><strong>Warranty:</strong> 24.0 Months Official Manufacturer Warranty</li>
</ul>
<h3>Compliance & Care</h3>
<p><strong>Country of Origin:</strong> People’s Republic of China</p>
<p><strong>Manufacturer:</strong> Guangzhou Hengbaoluo Technology Co., Ltd.</p>
<p><strong>Importer / Packer:</strong> Rise N Be Original Lifestyle Pvt Ltd, Building No. 3, 4th Floor, Block M, DLF City Phase II, Road Number 5, Sector 25, Gurugram, Haryana 122008, India</p>",HANBORO,Apparel & Accessories > Jewelry > Watches,Luxury Automatic Watches,"HANBORO, Luxury Watches, Automatic, TOURBILLON, Gear Rider Skeleton Tourbillon, HBR-30027-1-AUTO-GEAR-GLD-BLK, Model-30027-1, Skeleton",TRUE,Title,Default Title,,,,,HBR-30027-1-AUTO-GEAR-GLD-BLK,250,shopify,8,continue,manual,29599,36999,TRUE,TRUE,HBR-30027-1-AUTO-GEAR-GLD-BLK,https://hanborowatches.in/catalog/hbr-30027-1-auto-gear-gld-blk-front.png,1,Gear Rider – Skeleton Tourbillon Masterpiece (Gold & Black) - Reference HBR-30027-1-AUTO-GEAR-GLD-BLK,FALSE,Gear Rider – Skeleton Tourbillon Masterpiece (Gold & Black),"Hanboro Gear Rider—skeletonized automatic with 22 jewels, Geneva patterns, sapphire glass, and leather strap.",Apparel & Accessories > Jewelry > Watches,Unisex,Adult,HBR-30027-1-AUTO-GEAR-GLD-BLK,new,FALSE,,,,,,https://hanborowatches.in/catalog/hbr-30027-1-auto-gear-gld-blk-front.png,g,,,active
hbr-30027-1-auto-gear-gld-blk,,,,,,,,,,,,,,,,,,,,,,,,,https://hanborowatches.in/watch-cyber-cogwheel-skeleton-rosegold-front-transparent.webp,2,Gear Rider – Skeleton Tourbillon Masterpiece (Gold & Black) - View 2,,,,,,,,,,,,,,,,,,,
hbr-30027-1-auto-gear-gld-blk,,,,,,,,,,,,,,,,,,,,,,,,,https://hanborowatches.in/watch-cyber-cogwheel-skeleton-rosegold-wrist.webp,3,Gear Rider – Skeleton Tourbillon Masterpiece (Gold & Black) - View 3,,,,,,,,,,,,,,,,,,,
hbr-30027-1-auto-gear-gld-blk,,,,,,,,,,,,,,,,,,,,,,,,,https://hanborowatches.in/watch-cyber-cogwheel-skeleton-rosegold-industrial.webp,4,Gear Rider – Skeleton Tourbillon Masterpiece (Gold & Black) - View 4,,,,,,,,,,,,,,,,,,,
hbr-30027-1-auto-gear-blk,Gear Rider – Skeleton Tourbillon Masterpiece (Midnight Black),"<p>Gear Rider – Skeleton Tourbillon Masterpiece<br/>Where timeless elegance meets mechanical brilliance.</p><p>The Gear Rider is a tribute to refined engineering—an openworked marvel that exposes the poetry of movement beneath its sapphire-clear surface. With its sculpted steel case and intricate dial, every element reflects the craftsmanship of a watch built not just to tell time, but to embody it.</p><p>At the center, a skeletonized flywheel pulses with precision, framed by a dial that balances complexity with clarity. Its luxurious finish, seamless contours, and commanding presence on the wrist make it a true statement of power and taste.</p><p>This is more than a timepiece. This is the signature of those who understand legacy, and wear it with quiet authority.</p>
<h3>Specifications</h3>
<ul>
  <li><strong>Movement:</strong> Chinese Liaocheng 2797B Mechanical Movement ""Thickness: 6.8mm, 22 gems, Frequency 21600 times/hour, Stop second function, Automatic/manual loading</li>
  <li><strong>Power Reserve:</strong> 45 Hours</li>
  <li><strong>Jewels:</strong> 28 Synthetic Rubies</li>
  <li><strong>Frequency:</strong> 28,800 VPH (4.0 Hz)</li>
  <li><strong>Case Material:</strong> STAINLESS STEEL</li>
  <li><strong>Glass:</strong> SAPPHIRE CRYSTAL</li>
  <li><strong>Case Diameter:</strong> 41mm</li>
  <li><strong>Water Resistance:</strong> 50M (5 ATM)</li>
  <li><strong>Strap:</strong> LEATHER</li>
  <li><strong>Clasp:</strong> Push Button Hidden Clasp</li>
  <li><strong>Warranty:</strong> 24.0 Months Official Manufacturer Warranty</li>
</ul>
<h3>Compliance & Care</h3>
<p><strong>Country of Origin:</strong> People’s Republic of China</p>
<p><strong>Manufacturer:</strong> Guangzhou Hengbaoluo Technology Co., Ltd.</p>
<p><strong>Importer / Packer:</strong> Rise N Be Original Lifestyle Pvt Ltd, Building No. 3, 4th Floor, Block M, DLF City Phase II, Road Number 5, Sector 25, Gurugram, Haryana 122008, India</p>",HANBORO,Apparel & Accessories > Jewelry > Watches,Luxury Automatic Watches,"HANBORO, Luxury Watches, Automatic, TOURBILLON, Gear Rider Skeleton Tourbillon, HBR-30027-1-AUTO-GEAR-blk, Model-30027-1, Skeleton",TRUE,Title,Default Title,,,,,HBR-30027-1-AUTO-GEAR-blk,250,shopify,1,continue,manual,29599,36999,TRUE,TRUE,HBR-30027-1-AUTO-GEAR-blk,https://hanborowatches.in/catalog/hbr-30027-1-auto-gear-blk-front.png,1,Gear Rider – Skeleton Tourbillon Masterpiece (Midnight Black) - Reference HBR-30027-1-AUTO-GEAR-blk,FALSE,Gear Rider – Skeleton Tourbillon Masterpiece (Midnight Black),"Hanboro Gear Rider—skeletonized automatic with 22 jewels, Geneva patterns, sapphire glass, and leather strap.",Apparel & Accessories > Jewelry > Watches,Unisex,Adult,HBR-30027-1-AUTO-GEAR-blk,new,FALSE,,,,,,https://hanborowatches.in/catalog/hbr-30027-1-auto-gear-blk-front.png,g,,,active
hbr-30027-1-auto-gear-blk,,,,,,,,,,,,,,,,,,,,,,,,,https://hanborowatches.in/watch-cyber-cogwheel-skeleton-steel-front-transparent.webp,2,Gear Rider – Skeleton Tourbillon Masterpiece (Midnight Black) - View 2,,,,,,,,,,,,,,,,,,,
hbr-30027-1-auto-gear-blk,,,,,,,,,,,,,,,,,,,,,,,,,https://hanborowatches.in/watch-cyber-cogwheel-skeleton-steel-display.webp,3,Gear Rider – Skeleton Tourbillon Masterpiece (Midnight Black) - View 3,,,,,,,,,,,,,,,,,,,
hbr-30027-1-auto-gear-blk,,,,,,,,,,,,,,,,,,,,,,,,,https://hanborowatches.in/watch-cyber-cogwheel-skeleton-steel-tactical.webp,4,Gear Rider – Skeleton Tourbillon Masterpiece (Midnight Black) - View 4,,,,,,,,,,,,,,,,,,,
hbr-30027-1-auto-gear-blk,,,,,,,,,,,,,,,,,,,,,,,,,https://hanborowatches.in/watch-cyber-cogwheel-skeleton-steel-cockpit.webp,5,Gear Rider – Skeleton Tourbillon Masterpiece (Midnight Black) - View 5,,,,,,,,,,,,,,,,,,,
hbr-30027-1-auto-gear-blk,,,,,,,,,,,,,,,,,,,,,,,,,https://hanborowatches.in/watch-cyber-cogwheel-skeleton-steel-wrist.webp,6,Gear Rider – Skeleton Tourbillon Masterpiece (Midnight Black) - View 6,,,,,,,,,,,,,,,,,,,
hbr-8824-auto-navigator-blk,Celestial Navigator – Voyage Edition (Onyx Black Dial),"<p>Celestial Navigator – Voyage Edition<br/>A cosmic balance of elegance and engineering.</p><p>This timepiece draws inspiration from the celestial rhythm of the universe. Its layered black dial features a star map moonphase, a rotating flywheel at 9 o'clock, and a date subdial that mirrors the precision of planetary orbits. Every element is crafted to remind the wearer of their journey through time and space.</p><p>With radiant markers, celestial details, and a hand-finished leather strap, the Celestial Navigator doesn't just tell time—it reflects your sense of wonder, adventure, and distinction. It's a watch for those who dare to dream and dress accordingly.</p>
<h3>Specifications</h3>
<ul>
  <li><strong>Movement:</strong> Chinese Shanghai LR0851 mechanical movement ""Thickness: 6.85mm, 21 gems, Frequency 21600 times/hour, Stop second function, Automatic/manual loading</li>
  <li><strong>Power Reserve:</strong> 48 Hours</li>
  <li><strong>Jewels:</strong> 26 Synthetic Rubies</li>
  <li><strong>Frequency:</strong> 28,800 VPH (4.0 Hz)</li>
  <li><strong>Case Material:</strong> STAINLESS STEEL</li>
  <li><strong>Glass:</strong> SAPPHIRE CRYSTAL</li>
  <li><strong>Case Diameter:</strong> 44mm</li>
  <li><strong>Water Resistance:</strong> 50M (5 ATM)</li>
  <li><strong>Strap:</strong> LEATHER</li>
  <li><strong>Clasp:</strong> Push Button Hidden Clasp</li>
  <li><strong>Warranty:</strong> 24.0 Months Official Manufacturer Warranty</li>
</ul>
<h3>Compliance & Care</h3>
<p><strong>Country of Origin:</strong> People’s Republic of China</p>
<p><strong>Manufacturer:</strong> Guangzhou Hengbaoluo Technology Co., Ltd.</p>
<p><strong>Importer / Packer:</strong> Rise N Be Original Lifestyle Pvt Ltd, Building No. 3, 4th Floor, Block M, DLF City Phase II, Road Number 5, Sector 25, Gurugram, Haryana 122008, India</p>",HANBORO,Apparel & Accessories > Jewelry > Watches,Luxury Automatic Watches,"HANBORO, Luxury Watches, Automatic, CLASSIC, Celestial Dual-Hemisphere Moonphase, HBR-8824-AUTO-NAVIGATOR-BLK, Model-8824, Skeleton",TRUE,Title,Default Title,,,,,HBR-8824-AUTO-NAVIGATOR-BLK,250,shopify,4,continue,manual,25599,31999,TRUE,TRUE,HBR-8824-AUTO-NAVIGATOR-BLK,https://hanborowatches.in/catalog/hbr-8824-auto-navigator-blk-front.png,1,Celestial Navigator – Voyage Edition (Onyx Black Dial) - Reference HBR-8824-AUTO-NAVIGATOR-BLK,FALSE,Celestial Navigator – Voyage Edition (Onyx Black Dial),"Celestial Navigator Voyage Edition – Moonphase, 21-jewel automatic movement & cosmic design in brushed steel elegance",Apparel & Accessories > Jewelry > Watches,Unisex,Adult,HBR-8824-AUTO-NAVIGATOR-BLK,new,FALSE,,,,,,https://hanborowatches.in/catalog/hbr-8824-auto-navigator-blk-front.png,g,,,active
hbr-8824-auto-navigator-blk,,,,,,,,,,,,,,,,,,,,,,,,,https://hanborowatches.in/catalog/hbr-8824-auto-navigator-blk-view-1.jpg,2,Celestial Navigator – Voyage Edition (Onyx Black Dial) - View 2,,,,,,,,,,,,,,,,,,,
hbr-8824-auto-navigator-rg-wyt,Celestial Navigator – Voyage Edition (Rose Gold & Pure White Dial),"<p>Celestial Navigator – Voyage Edition<br/>A cosmic balance of elegance and engineering.</p><p>This timepiece draws inspiration from the celestial rhythm of the universe. Its layered black dial features a star map moonphase, a rotating flywheel at 9 o'clock, and a date subdial that mirrors the precision of planetary orbits. Every element is crafted to remind the wearer of their journey through time and space.</p><p>With radiant markers, celestial details, and a hand-finished leather strap, the Celestial Navigator doesn't just tell time—it reflects your sense of wonder, adventure, and distinction. It's a watch for those who dare to dream and dress accordingly.</p>
<h3>Specifications</h3>
<ul>
  <li><strong>Movement:</strong> Chinese Shanghai LR0851 mechanical movement ""Thickness: 6.85mm, 21 gems, Frequency 21600 times/hour, Stop second function, Automatic/manual loading</li>
  <li><strong>Power Reserve:</strong> 42 Hours</li>
  <li><strong>Jewels:</strong> 25 Jewels</li>
  <li><strong>Frequency:</strong> 28,800 VPH (4.0 Hz)</li>
  <li><strong>Case Material:</strong> STAINLESS STEEL</li>
  <li><strong>Glass:</strong> SAPPHIRE CRYSTAL</li>
  <li><strong>Case Diameter:</strong> 44mm</li>
  <li><strong>Water Resistance:</strong> 50M (5 ATM)</li>
  <li><strong>Strap:</strong> LEATHER</li>
  <li><strong>Clasp:</strong> Push Button Hidden Clasp</li>
  <li><strong>Warranty:</strong> 24.0 Months Official Manufacturer Warranty</li>
</ul>
<h3>Compliance & Care</h3>
<p><strong>Country of Origin:</strong> People’s Republic of China</p>
<p><strong>Manufacturer:</strong> Guangzhou Hengbaoluo Technology Co., Ltd.</p>
<p><strong>Importer / Packer:</strong> Rise N Be Original Lifestyle Pvt Ltd, Building No. 3, 4th Floor, Block M, DLF City Phase II, Road Number 5, Sector 25, Gurugram, Haryana 122008, India</p>",HANBORO,Apparel & Accessories > Jewelry > Watches,Luxury Automatic Watches,"HANBORO, Luxury Watches, Automatic, CLASSIC, Celestial Dual-Hemisphere Moonphase, HBR-8824-AUTO-NAVIGATOR-RG-WYT, Model-8824, Skeleton",TRUE,Title,Default Title,,,,,HBR-8824-AUTO-NAVIGATOR-RG-WYT,250,shopify,2,continue,manual,25599,31999,TRUE,TRUE,HBR-8824-AUTO-NAVIGATOR-RG-WYT,https://hanborowatches.in/catalog/hbr-8824-auto-navigator-rg-wyt-front.png,1,Celestial Navigator – Voyage Edition (Rose Gold & Pure White Dial) - Reference HBR-8824-AUTO-NAVIGATOR-RG-WYT,FALSE,Celestial Navigator – Voyage Edition (Rose Gold & Pure White Dial),"Celestial Navigator Voyage Edition – Moonphase, 21-jewel automatic movement & cosmic design in brushed steel elegance",Apparel & Accessories > Jewelry > Watches,Unisex,Adult,HBR-8824-AUTO-NAVIGATOR-RG-WYT,new,FALSE,,,,,,https://hanborowatches.in/catalog/hbr-8824-auto-navigator-rg-wyt-front.png,g,,,active
hbr-8824-auto-navigator-rg-wyt,,,,,,,,,,,,,,,,,,,,,,,,,https://hanborowatches.in/watch-orbital-moonphase.webp,2,Celestial Navigator – Voyage Edition (Rose Gold & Pure White Dial) - View 2,,,,,,,,,,,,,,,,,,,
hbr-1018-auto-zod-gld,Zodiac Series: Dragon’s Legacy – Sapphire Dial Edition (Imperial Gold),"<p>Hanboro Dragon’s Legacy – Zodiac Series<br/>A mythical fusion of craftsmanship and celestial energy.</p><p>The Hanboro Dragon’s Legacy captures the spirit of the ancient East with a 5D hand-carved golden dragon coiled across a skeletonized dial. Set against a starry sky chassis with luminous detailing, this timepiece is a bold tribute to heritage and horology.</p><p>At its core beats the high-frequency 6T15 automatic mechanical movement, delivering a 42-hour power reserve and exceptional precision. The double-bridge sapphire-grade crystal, hollowed gear flywheel, and transparent caseback reveal the mechanical artistry within.</p><p>Paired with a genuine leather strap and secured by a dual butterfly clasp, this 45.5mm timepiece offers enduring comfort and unmistakable presence—crafted for those who command attention.</p>
<h3>Specifications</h3>
<ul>
  <li><strong>Movement:</strong> Japanese CITIZEN 6T15 mechanical movement ""Thickness: 5.98mm, 21 gems, Frequency 28800 times/hour, Stop second function, Automatic/manual loading</li>
  <li><strong>Power Reserve:</strong> 50 Hours</li>
  <li><strong>Jewels:</strong> 28 Jewels with Synthetic Ruby Dragon Eyes</li>
  <li><strong>Frequency:</strong> 28,800 VPH (4.0 Hz)</li>
  <li><strong>Case Material:</strong> STAINLESS STEEL</li>
  <li><strong>Glass:</strong> SAPPHIRE CRYSTAL</li>
  <li><strong>Case Diameter:</strong> 45.5mm</li>
  <li><strong>Water Resistance:</strong> 50M (5 ATM)</li>
  <li><strong>Strap:</strong> LEATHER</li>
  <li><strong>Clasp:</strong> Push Button Hidden Clasp</li>
  <li><strong>Warranty:</strong> 24.0 Months Official Manufacturer Warranty</li>
</ul>
<h3>Compliance & Care</h3>
<p><strong>Country of Origin:</strong> People’s Republic of China</p>
<p><strong>Manufacturer:</strong> Guangzhou Hengbaoluo Technology Co., Ltd.</p>
<p><strong>Importer / Packer:</strong> Rise N Be Original Lifestyle Pvt Ltd, Building No. 3, 4th Floor, Block M, DLF City Phase II, Road Number 5, Sector 25, Gurugram, Haryana 122008, India</p>",HANBORO,Apparel & Accessories > Jewelry > Watches,Luxury Automatic Watches,"HANBORO, Luxury Watches, Automatic, CLASSIC, 5D Dragon Imperial Zodiac Automatic, HBR-1018-AUTO-ZOD-GLD, Model-1018, Skeleton",TRUE,Title,Default Title,,,,,HBR-1018-AUTO-ZOD-GLD,250,shopify,8,continue,manual,40799,50999,TRUE,TRUE,HBR-1018-AUTO-ZOD-GLD,https://hanborowatches.in/transparent/imperial-dragon.webp,1,Zodiac Series: Dragon’s Legacy – Sapphire Dial Edition (Imperial Gold) - Reference HBR-1018-AUTO-ZOD-GLD,FALSE,Zodiac Series: Dragon’s Legacy – Sapphire Dial Edition (Imperial Gold),"Hanboro Dragon’s Legacy – a mythical fusion of haute horology and celestial artistry, crafted for those who wear power on their wrist",Apparel & Accessories > Jewelry > Watches,Unisex,Adult,HBR-1018-AUTO-ZOD-GLD,new,FALSE,,,,,,https://hanborowatches.in/transparent/imperial-dragon.webp,g,,,active
hbr-1018-auto-zod-gld,,,,,,,,,,,,,,,,,,,,,,,,,https://hanborowatches.in/catalog/hbr-1018-auto-zod-gld-view-1.jpg,2,Zodiac Series: Dragon’s Legacy – Sapphire Dial Edition (Imperial Gold) - View 2,,,,,,,,,,,,,,,,,,,
hbr-1018-auto-zod-gld,,,,,,,,,,,,,,,,,,,,,,,,,https://hanborowatches.in/catalog/hbr-1018-auto-zod-gld-front.jpg,3,Zodiac Series: Dragon’s Legacy – Sapphire Dial Edition (Imperial Gold) - View 3,,,,,,,,,,,,,,,,,,,
hbr-1018-auto-zod-slv,Zodiac Series: Dragon’s Legacy – Sapphire Dial Edition (Silver Edition),"<p>Hanboro Dragon’s Legacy – Zodiac Series<br/>A mythical fusion of craftsmanship and celestial energy.</p><p>The Hanboro Dragon’s Legacy captures the spirit of the ancient East with a 5D hand-carved golden dragon coiled across a skeletonized dial. Set against a starry sky chassis with luminous detailing, this timepiece is a bold tribute to heritage and horology.</p><p>At its core beats the high-frequency 6T15 automatic mechanical movement, delivering a 42-hour power reserve and exceptional precision. The double-bridge sapphire-grade crystal, hollowed gear flywheel, and transparent caseback reveal the mechanical artistry within.</p><p>Paired with a genuine leather strap and secured by a dual butterfly clasp, this 45.5mm timepiece offers enduring comfort and unmistakable presence—crafted for those who command attention.</p>
<h3>Specifications</h3>
<ul>
  <li><strong>Movement:</strong> Japanese CITIZEN 6T15 mechanical movement ""Thickness: 5.98mm, 21 gems, Frequency 28800 times/hour, Stop second function, Automatic/manual loading</li>
  <li><strong>Power Reserve:</strong> 52 Hours</li>
  <li><strong>Jewels:</strong> 33 Synthetic Rubies</li>
  <li><strong>Frequency:</strong> 28,800 VPH (4.0 Hz)</li>
  <li><strong>Case Material:</strong> STAINLESS STEEL</li>
  <li><strong>Glass:</strong> SAPPHIRE CRYSTAL</li>
  <li><strong>Case Diameter:</strong> 45.5mm</li>
  <li><strong>Water Resistance:</strong> 50M (5 ATM)</li>
  <li><strong>Strap:</strong> LEATHER</li>
  <li><strong>Clasp:</strong> Push Button Hidden Clasp</li>
  <li><strong>Warranty:</strong> 24.0 Months Official Manufacturer Warranty</li>
</ul>
<h3>Compliance & Care</h3>
<p><strong>Country of Origin:</strong> People’s Republic of China</p>
<p><strong>Manufacturer:</strong> Guangzhou Hengbaoluo Technology Co., Ltd.</p>
<p><strong>Importer / Packer:</strong> Rise N Be Original Lifestyle Pvt Ltd, Building No. 3, 4th Floor, Block M, DLF City Phase II, Road Number 5, Sector 25, Gurugram, Haryana 122008, India</p>",HANBORO,Apparel & Accessories > Jewelry > Watches,Luxury Automatic Watches,"HANBORO, Luxury Watches, Automatic, CLASSIC, 5D Dragon Imperial Zodiac Automatic, HBR-1018-AUTO-ZOD-SLV, Model-1018, Skeleton",TRUE,Title,Default Title,,,,,HBR-1018-AUTO-ZOD-SLV,250,shopify,1,continue,manual,40799,50999,TRUE,TRUE,HBR-1018-AUTO-ZOD-SLV,https://hanborowatches.in/transparent/hbr-1018-auto-zod-slv.webp,1,Zodiac Series: Dragon’s Legacy – Sapphire Dial Edition (Silver Edition) - Reference HBR-1018-AUTO-ZOD-SLV,FALSE,Zodiac Series: Dragon’s Legacy – Sapphire Dial Edition (Silver Edition),"Hanboro Dragon’s Legacy – a mythical fusion of haute horology and celestial artistry, crafted for those who wear power on their wrist",Apparel & Accessories > Jewelry > Watches,Unisex,Adult,HBR-1018-AUTO-ZOD-SLV,new,FALSE,,,,,,https://hanborowatches.in/transparent/hbr-1018-auto-zod-slv.webp,g,,,active
hbr-1018-auto-zod-slv,,,,,,,,,,,,,,,,,,,,,,,,,https://hanborowatches.in/watch-celestial-dragon-tourbillon-silver-front-transparent.webp,2,Zodiac Series: Dragon’s Legacy – Sapphire Dial Edition (Silver Edition) - View 2,,,,,,,,,,,,,,,,,,,
hbr-1018-auto-zod-slv,,,,,,,,,,,,,,,,,,,,,,,,,https://hanborowatches.in/watch-celestial-dragon-tourbillon-silver-isometric-transparent.webp,3,Zodiac Series: Dragon’s Legacy – Sapphire Dial Edition (Silver Edition) - View 3,,,,,,,,,,,,,,,,,,,
hbr-1018-auto-zod-slv,,,,,,,,,,,,,,,,,,,,,,,,,https://hanborowatches.in/watch-celestial-dragon-tourbillon-silver-lantern.webp,4,Zodiac Series: Dragon’s Legacy – Sapphire Dial Edition (Silver Edition) - View 4,,,,,,,,,,,,,,,,,,,
hbr-1018-auto-zod-slv,,,,,,,,,,,,,,,,,,,,,,,,,https://hanborowatches.in/watch-celestial-dragon-tourbillon-silver-macro.webp,5,Zodiac Series: Dragon’s Legacy – Sapphire Dial Edition (Silver Edition) - View 5,,,,,,,,,,,,,,,,,,,
hbr-1018-auto-zod-slv,,,,,,,,,,,,,,,,,,,,,,,,,https://hanborowatches.in/watch-celestial-dragon-tourbillon-silver-isometric-detail-transparent.webp,6,Zodiac Series: Dragon’s Legacy – Sapphire Dial Edition (Silver Edition) - View 6,,,,,,,,,,,,,,,,,,,
hbr-1018-auto-zod-slv,,,,,,,,,,,,,,,,,,,,,,,,,https://hanborowatches.in/catalog/hbr-1018-auto-zod-slv-front.jpg,7,Zodiac Series: Dragon’s Legacy – Sapphire Dial Edition (Silver Edition) - View 7,,,,,,,,,,,,,,,,,,,
hbr-1001-1-auto-roulette-gld,Casino Series: Roulette Royale Automatic Watch (Royal Gold Edition),"<p>Casino Series: Roulette Royale Automatic Watch<br/>A mechanical marvel for risk-takers and purists alike.</p><p>Crafted for collectors who crave originality, the Roulette Royale fuses fine horology with the thrill of the game. A dedicated button on the left side of the case activates the roulette disc—sending the ball spinning until it lands on a number, just like the real table.</p><p>With its rotating wheel, sand-textured dial, and mechanical movement ticking beneath, this is more than a watch—it's a game of chance on your wrist. For those who appreciate mechanics... and momentum.</p>
<h3>Specifications</h3>
<ul>
  <li><strong>Movement:</strong> Japan CITIZEN 8215 mechanical movement:, Thickness: 5.67mm, Diamond count; 21 pieces, Frequency 21600 times/hour, Automatic/manual winding</li>
  <li><strong>Power Reserve:</strong> 50 Hours</li>
  <li><strong>Jewels:</strong> 31 Synthetic Rubies & Micro Ceramic Ball Bearings</li>
  <li><strong>Frequency:</strong> 28,800 VPH (4.0 Hz)</li>
  <li><strong>Case Material:</strong> STAINLESS STEEL</li>
  <li><strong>Glass:</strong> SAPPHIRE CRYSTAL</li>
  <li><strong>Case Diameter:</strong> 45.5mm</li>
  <li><strong>Water Resistance:</strong> 50M (5 ATM)</li>
  <li><strong>Strap:</strong> LEATHER</li>
  <li><strong>Clasp:</strong> Push Button Hidden Clasp</li>
  <li><strong>Warranty:</strong> 24.0 Months Official Manufacturer Warranty</li>
</ul>
<h3>Compliance & Care</h3>
<p><strong>Country of Origin:</strong> People’s Republic of China</p>
<p><strong>Manufacturer:</strong> Guangzhou Hengbaoluo Technology Co., Ltd.</p>
<p><strong>Importer / Packer:</strong> Rise N Be Original Lifestyle Pvt Ltd, Building No. 3, 4th Floor, Block M, DLF City Phase II, Road Number 5, Sector 25, Gurugram, Haryana 122008, India</p>",HANBORO,Apparel & Accessories > Jewelry > Watches,Luxury Automatic Watches,"HANBORO, Luxury Watches, Automatic, ROULETTE, Button-Activated Casino Roulette, HBR-1001-1-AUTO-ROULETTE-GLD, Model-1001-1, Skeleton",TRUE,Title,Default Title,,,,,HBR-1001-1-AUTO-ROULETTE-GLD,250,shopify,8,continue,manual,40799,50999,TRUE,TRUE,HBR-1001-1-AUTO-ROULETTE-GLD,https://hanborowatches.in/catalog/hbr-1001-1-auto-roulette-gld-front.png,1,Casino Series: Roulette Royale Automatic Watch (Royal Gold Edition) - Reference HBR-1001-1-AUTO-ROULETTE-GLD,FALSE,Casino Series: Roulette Royale Automatic Watch (Royal Gold Edition),"Hanboro Casino Roulette Watch – a daring fusion of gaming thrill and haute horology, powered by automatic movement with bold roulette dial.",Apparel & Accessories > Jewelry > Watches,Unisex,Adult,HBR-1001-1-AUTO-ROULETTE-GLD,new,FALSE,,,,,,https://hanborowatches.in/catalog/hbr-1001-1-auto-roulette-gld-front.png,g,,,active
hbr-1001-1-auto-roulette-gld,,,,,,,,,,,,,,,,,,,,,,,,,https://hanborowatches.in/watch-casino-roulette-silver-emerald-alligator-felt.webp,2,Casino Series: Roulette Royale Automatic Watch (Royal Gold Edition) - View 2,,,,,,,,,,,,,,,,,,,
hbr-1001-1-auto-roulette-gld,,,,,,,,,,,,,,,,,,,,,,,,,https://hanborowatches.in/watch-casino-roulette-silver-emerald-alligator-wrist.webp,3,Casino Series: Roulette Royale Automatic Watch (Royal Gold Edition) - View 3,,,,,,,,,,,,,,,,,,,
hbr-1001-1-auto-roulette-gld,,,,,,,,,,,,,,,,,,,,,,,,,https://hanborowatches.in/watch-casino-roulette-silver-emerald-alligator-isometric-transparent.webp,4,Casino Series: Roulette Royale Automatic Watch (Royal Gold Edition) - View 4,,,,,,,,,,,,,,,,,,,
hbr-1001-1-auto-roulette-slv,Casino Series: Roulette Royale Automatic Watch (Monaco Silver Edition),"<p>Casino Series: Roulette Royale Automatic Watch<br/>A mechanical marvel for risk-takers and purists alike.</p><p>Crafted for collectors who crave originality, the Roulette Royale fuses fine horology with the thrill of the game. A dedicated button on the left side of the case activates the roulette disc—sending the ball spinning until it lands on a number, just like the real table.</p><p>With its rotating wheel, sand-textured dial, and mechanical movement ticking beneath, this is more than a watch—it's a game of chance on your wrist. For those who appreciate mechanics... and momentum.</p>
<h3>Specifications</h3>
<ul>
  <li><strong>Movement:</strong> Japan CITIZEN 8215 mechanical movement:, Thickness: 5.67mm, Diamond count; 21 pieces, Frequency 21600 times/hour, Automatic/manual winding</li>
  <li><strong>Power Reserve:</strong> 50 Hours</li>
  <li><strong>Jewels:</strong> 31 Synthetic Rubies & Micro Ceramic Ball Bearings</li>
  <li><strong>Frequency:</strong> 28,800 VPH (4.0 Hz)</li>
  <li><strong>Case Material:</strong> STAINLESS STEEL</li>
  <li><strong>Glass:</strong> SAPPHIRE CRYSTAL</li>
  <li><strong>Case Diameter:</strong> 45.5mm</li>
  <li><strong>Water Resistance:</strong> 50M (5 ATM)</li>
  <li><strong>Strap:</strong> LEATHER</li>
  <li><strong>Clasp:</strong> Push Button Hidden Clasp</li>
  <li><strong>Warranty:</strong> 24.0 Months Official Manufacturer Warranty</li>
</ul>
<h3>Compliance & Care</h3>
<p><strong>Country of Origin:</strong> People’s Republic of China</p>
<p><strong>Manufacturer:</strong> Guangzhou Hengbaoluo Technology Co., Ltd.</p>
<p><strong>Importer / Packer:</strong> Rise N Be Original Lifestyle Pvt Ltd, Building No. 3, 4th Floor, Block M, DLF City Phase II, Road Number 5, Sector 25, Gurugram, Haryana 122008, India</p>",HANBORO,Apparel & Accessories > Jewelry > Watches,Luxury Automatic Watches,"HANBORO, Luxury Watches, Automatic, ROULETTE, Button-Activated Casino Roulette, HBR-1001-1-AUTO-ROULETTE-SLV, Model-1001-1, Skeleton",TRUE,Title,Default Title,,,,,HBR-1001-1-AUTO-ROULETTE-SLV,250,shopify,8,continue,manual,40799,50999,TRUE,TRUE,HBR-1001-1-AUTO-ROULETTE-SLV,https://hanborowatches.in/catalog/hbr-1001-1-auto-roulette-slv-front.png,1,Casino Series: Roulette Royale Automatic Watch (Monaco Silver Edition) - Reference HBR-1001-1-AUTO-ROULETTE-SLV,FALSE,Casino Series: Roulette Royale Automatic Watch (Monaco Silver Edition),"Hanboro Casino Roulette Watch – a daring fusion of gaming thrill and haute horology, powered by automatic movement with bold roulette dial.",Apparel & Accessories > Jewelry > Watches,Unisex,Adult,HBR-1001-1-AUTO-ROULETTE-SLV,new,FALSE,,,,,,https://hanborowatches.in/catalog/hbr-1001-1-auto-roulette-slv-front.png,g,,,active
hbr-1001-1-auto-roulette-slv,,,,,,,,,,,,,,,,,,,,,,,,,https://hanborowatches.in/watch-casino-roulette-silver-emerald-alligator-front-transparent.webp,2,Casino Series: Roulette Royale Automatic Watch (Monaco Silver Edition) - View 2,,,,,,,,,,,,,,,,,,,
hbr-1001-1-auto-roulette-slv,,,,,,,,,,,,,,,,,,,,,,,,,https://hanborowatches.in/watch-casino-roulette-silver-emerald-alligator-felt.webp,3,Casino Series: Roulette Royale Automatic Watch (Monaco Silver Edition) - View 3,,,,,,,,,,,,,,,,,,,
hbr-1001-1-auto-roulette-slv,,,,,,,,,,,,,,,,,,,,,,,,,https://hanborowatches.in/watch-casino-roulette-silver-emerald-alligator-wrist.webp,4,Casino Series: Roulette Royale Automatic Watch (Monaco Silver Edition) - View 4,,,,,,,,,,,,,,,,,,,
hbr-1001-1-auto-roulette-slv,,,,,,,,,,,,,,,,,,,,,,,,,https://hanborowatches.in/watch-casino-roulette-silver-emerald-alligator-isometric-transparent.webp,5,Casino Series: Roulette Royale Automatic Watch (Monaco Silver Edition) - View 5,,,,,,,,,,,,,,,,,,,
hbr-1001-2-auto-roulette-gld,Casino Series: Roulette Royale Baguette Diamond Edition (Royal Gold),"<p>Casino Series: Roulette Royale Automatic Watch</p><p>A mechanical marvel for risk-takers and purists alike. Crafted for collectors who crave originality, the Roulette Royale fuses fine horology with the thrill of the game.This version features a fully gem-set dial with radiant crystal baguettes and emerald-green markers.&nbsp;</p><p>A dedicated button on the left side of the case activates the roulette disc—sending the ball spinning until it lands on a number, just like the real table. With its rotating wheel, sand-textured dial, and mechanical movement ticking beneath, this is more than a watch—it's a game of chance on your wrist. For those who appreciate mechanics... and momentum. give same justbtell about the dial</p>
<h3>Specifications</h3>
<ul>
  <li><strong>Movement:</strong> Japan CITIZEN 8215 mechanical movement:, Thickness: 5.67mm, Diamond count; 21 pieces, Frequency 21600 times/hour, Automatic/manual winding</li>
  <li><strong>Power Reserve:</strong> 50 Hours</li>
  <li><strong>Jewels:</strong> 31 Synthetic Rubies & Micro Ceramic Ball Bearings</li>
  <li><strong>Frequency:</strong> 28,800 VPH (4.0 Hz)</li>
  <li><strong>Case Material:</strong> STAINLESS STEEL</li>
  <li><strong>Glass:</strong> SAPPHIRE CRYSTAL</li>
  <li><strong>Case Diameter:</strong> 45.5mm</li>
  <li><strong>Water Resistance:</strong> 50M (5 ATM)</li>
  <li><strong>Strap:</strong> LEATHER</li>
  <li><strong>Clasp:</strong> Push Button Hidden Clasp</li>
  <li><strong>Warranty:</strong> 24.0 Months Official Manufacturer Warranty</li>
</ul>
<h3>Compliance & Care</h3>
<p><strong>Country of Origin:</strong> People’s Republic of China</p>
<p><strong>Manufacturer:</strong> Guangzhou Hengbaoluo Technology Co., Ltd.</p>
<p><strong>Importer / Packer:</strong> Rise N Be Original Lifestyle Pvt Ltd, Building No. 3, 4th Floor, Block M, DLF City Phase II, Road Number 5, Sector 25, Gurugram, Haryana 122008, India</p>",HANBORO,Apparel & Accessories > Jewelry > Watches,Luxury Automatic Watches,"HANBORO, Luxury Watches, Automatic, ROULETTE, Casino Royale Baguette Gem-Set Edition, HBR-1001-2-AUTO-ROULETTE-GLD, Model-1001-2, Skeleton",TRUE,Title,Default Title,,,,,HBR-1001-2-AUTO-ROULETTE-GLD,250,shopify,8,continue,manual,42399,52999,TRUE,TRUE,HBR-1001-2-AUTO-ROULETTE-GLD,https://hanborowatches.in/catalog/hbr-1001-2-auto-roulette-gld-front.png,1,Casino Series: Roulette Royale Baguette Diamond Edition (Royal Gold) - Reference HBR-1001-2-AUTO-ROULETTE-GLD,FALSE,Casino Series: Roulette Royale Baguette Diamond Edition (Royal Gold),Roulette Royale’s gem-set dial with emerald markers and a roulette wheel brings luxury and thrill to every glance.,Apparel & Accessories > Jewelry > Watches,Unisex,Adult,HBR-1001-2-AUTO-ROULETTE-GLD,new,FALSE,,,,,,https://hanborowatches.in/catalog/hbr-1001-2-auto-roulette-gld-front.png,g,,,active
hbr-1001-2-auto-roulette-gld,,,,,,,,,,,,,,,,,,,,,,,,,https://hanborowatches.in/catalog/hbr-1001-2-auto-roulette-gld-view-1.jpg,2,Casino Series: Roulette Royale Baguette Diamond Edition (Royal Gold) - View 2,,,,,,,,,,,,,,,,,,,
hbr-1001-2-auto-roulette-slv,Casino Series: Roulette Royale Baguette Diamond Edition (Monaco Silver),"<p>Casino Series: Roulette Royale Automatic Watch</p><p>A mechanical marvel for risk-takers and purists alike. Crafted for collectors who crave originality, the Roulette Royale fuses fine horology with the thrill of the game.This version features a fully gem-set dial with radiant crystal baguettes and emerald-green markers.&nbsp;</p><p>A dedicated button on the left side of the case activates the roulette disc—sending the ball spinning until it lands on a number, just like the real table. With its rotating wheel, sand-textured dial, and mechanical movement ticking beneath, this is more than a watch—it's a game of chance on your wrist. For those who appreciate mechanics... and momentum. give same justbtell about the dial</p>
<h3>Specifications</h3>
<ul>
  <li><strong>Movement:</strong> Japan CITIZEN 8215 mechanical movement:, Thickness: 5.67mm, Diamond count; 21 pieces, Frequency 21600 times/hour, Automatic/manual winding</li>
  <li><strong>Power Reserve:</strong> 50 Hours</li>
  <li><strong>Jewels:</strong> 31 Synthetic Rubies & Micro Ceramic Ball Bearings</li>
  <li><strong>Frequency:</strong> 28,800 VPH (4.0 Hz)</li>
  <li><strong>Case Material:</strong> STAINLESS STEEL</li>
  <li><strong>Glass:</strong> SAPPHIRE CRYSTAL</li>
  <li><strong>Case Diameter:</strong> 45.5mm</li>
  <li><strong>Water Resistance:</strong> 50M (5 ATM)</li>
  <li><strong>Strap:</strong> LEATHER</li>
  <li><strong>Clasp:</strong> Push Button Hidden Clasp</li>
  <li><strong>Warranty:</strong> 24.0 Months Official Manufacturer Warranty</li>
</ul>
<h3>Compliance & Care</h3>
<p><strong>Country of Origin:</strong> People’s Republic of China</p>
<p><strong>Manufacturer:</strong> Guangzhou Hengbaoluo Technology Co., Ltd.</p>
<p><strong>Importer / Packer:</strong> Rise N Be Original Lifestyle Pvt Ltd, Building No. 3, 4th Floor, Block M, DLF City Phase II, Road Number 5, Sector 25, Gurugram, Haryana 122008, India</p>",HANBORO,Apparel & Accessories > Jewelry > Watches,Luxury Automatic Watches,"HANBORO, Luxury Watches, Automatic, ROULETTE, Casino Royale Baguette Gem-Set Edition, HBR-1001-2-AUTO-ROULETTE-SLV, Model-1001-2, Skeleton",TRUE,Title,Default Title,,,,,HBR-1001-2-AUTO-ROULETTE-SLV,250,shopify,8,continue,manual,42399,52999,TRUE,TRUE,HBR-1001-2-AUTO-ROULETTE-SLV,https://hanborowatches.in/catalog/hbr-1001-2-auto-roulette-slv-front.png,1,Casino Series: Roulette Royale Baguette Diamond Edition (Monaco Silver) - Reference HBR-1001-2-AUTO-ROULETTE-SLV,FALSE,Casino Series: Roulette Royale Baguette Diamond Edition (Monaco Silver),Roulette Royale’s gem-set dial with emerald markers and a roulette wheel brings luxury and thrill to every glance.,Apparel & Accessories > Jewelry > Watches,Unisex,Adult,HBR-1001-2-AUTO-ROULETTE-SLV,new,FALSE,,,,,,https://hanborowatches.in/catalog/hbr-1001-2-auto-roulette-slv-front.png,g,,,active
hbr-1001-2-auto-roulette-slv,,,,,,,,,,,,,,,,,,,,,,,,,https://hanborowatches.in/watch-casino-roulette-silver-front-transparent.webp,2,Casino Series: Roulette Royale Baguette Diamond Edition (Monaco Silver) - View 2,,,,,,,,,,,,,,,,,,,
hbr-1001-2-auto-roulette-slv,,,,,,,,,,,,,,,,,,,,,,,,,https://hanborowatches.in/watch-casino-roulette-silver-wheel.webp,3,Casino Series: Roulette Royale Baguette Diamond Edition (Monaco Silver) - View 3,,,,,,,,,,,,,,,,,,,
hbr-1001-2-auto-roulette-slv,,,,,,,,,,,,,,,,,,,,,,,,,https://hanborowatches.in/watch-casino-roulette-silver-felt.webp,4,Casino Series: Roulette Royale Baguette Diamond Edition (Monaco Silver) - View 4,,,,,,,,,,,,,,,,,,,
hbr-1001-2-auto-roulette-slv,,,,,,,,,,,,,,,,,,,,,,,,,https://hanborowatches.in/watch-casino-roulette-silver-wrist-angle.webp,5,Casino Series: Roulette Royale Baguette Diamond Edition (Monaco Silver) - View 5,,,,,,,,,,,,,,,,,,,
hbr-1001-2-auto-roulette-slv,,,,,,,,,,,,,,,,,,,,,,,,,https://hanborowatches.in/watch-casino-roulette-silver-wrist-closeup.webp,6,Casino Series: Roulette Royale Baguette Diamond Edition (Monaco Silver) - View 6,,,,,,,,,,,,,,,,,,,
hbr-1001-2-auto-roulette-slv,,,,,,,,,,,,,,,,,,,,,,,,,https://hanborowatches.in/catalog/hbr-1001-2-auto-roulette-slv-blue-front.jpg,7,Casino Series: Roulette Royale Baguette Diamond Edition (Monaco Silver) - View 7,,,,,,,,,,,,,,,,,,,
hbr-1001-2-auto-roulette-slv,,,,,,,,,,,,,,,,,,,,,,,,,https://hanborowatches.in/catalog/hbr-1001-2-auto-roulette-slv-blue-view-1.jpg,8,Casino Series: Roulette Royale Baguette Diamond Edition (Monaco Silver) - View 8,,,,,,,,,,,,,,,,,,,
hbr-1001-2-auto-roulette-slv,,,,,,,,,,,,,,,,,,,,,,,,,https://hanborowatches.in/catalog/hbr-1001-2-auto-roulette-slv-blue-view-2.jpg,9,Casino Series: Roulette Royale Baguette Diamond Edition (Monaco Silver) - View 9,,,,,,,,,,,,,,,,,,,
hbr-1001-2-auto-roulette-slv,,,,,,,,,,,,,,,,,,,,,,,,,https://hanborowatches.in/catalog/hbr-1001-2-auto-roulette-slv-blue-view-3.jpg,10,Casino Series: Roulette Royale Baguette Diamond Edition (Monaco Silver) - View 10,,,,,,,,,,,,,,,,,,,
hbr-1001-2-auto-roulette-slv,,,,,,,,,,,,,,,,,,,,,,,,,https://hanborowatches.in/catalog/hbr-1001-2-auto-roulette-slv-green-front.jpg,11,Casino Series: Roulette Royale Baguette Diamond Edition (Monaco Silver) - View 11,,,,,,,,,,,,,,,,,,,
hbr-1001-2-auto-roulette-slv,,,,,,,,,,,,,,,,,,,,,,,,,https://hanborowatches.in/catalog/hbr-1001-2-auto-roulette-slv-green-view-1.jpg,12,Casino Series: Roulette Royale Baguette Diamond Edition (Monaco Silver) - View 12,,,,,,,,,,,,,,,,,,,
hbr-1001-2-auto-roulette-slv,,,,,,,,,,,,,,,,,,,,,,,,,https://hanborowatches.in/catalog/hbr-1001-2-auto-roulette-slv-green-view-2.jpg,13,Casino Series: Roulette Royale Baguette Diamond Edition (Monaco Silver) - View 13,,,,,,,,,,,,,,,,,,,
hbr-1001-2-auto-roulette-slv,,,,,,,,,,,,,,,,,,,,,,,,,https://hanborowatches.in/catalog/hbr-1001-2-auto-roulette-slv-green-view-3.jpg,14,Casino Series: Roulette Royale Baguette Diamond Edition (Monaco Silver) - View 14,,,,,,,,,,,,,,,,,,,
hbr-1001-2-auto-roulette-slv,,,,,,,,,,,,,,,,,,,,,,,,,https://hanborowatches.in/catalog/hbr-1001-2-auto-roulette-slv-red-front.jpg,15,Casino Series: Roulette Royale Baguette Diamond Edition (Monaco Silver) - View 15,,,,,,,,,,,,,,,,,,,
hbr-1001-2-auto-roulette-slv,,,,,,,,,,,,,,,,,,,,,,,,,https://hanborowatches.in/catalog/hbr-1001-2-auto-roulette-slv-red-view-1.png,16,Casino Series: Roulette Royale Baguette Diamond Edition (Monaco Silver) - View 16,,,,,,,,,,,,,,,,,,,
hbr-1001-2-auto-roulette-slv,,,,,,,,,,,,,,,,,,,,,,,,,https://hanborowatches.in/catalog/hbr-1001-2-auto-roulette-slv-red-view-2.jpg,17,Casino Series: Roulette Royale Baguette Diamond Edition (Monaco Silver) - View 17,,,,,,,,,,,,,,,,,,,
hbr-1001-2-auto-roulette-slv,,,,,,,,,,,,,,,,,,,,,,,,,https://hanborowatches.in/catalog/hbr-1001-2-auto-roulette-slv-red-view-3.jpg,18,Casino Series: Roulette Royale Baguette Diamond Edition (Monaco Silver) - View 18,,,,,,,,,,,,,,,,,,,
hbr-1020-auto-ast-gld,9INE Planet Series: Nebula Craft – Space Art Timepiece (Rose Gold),"<p>Hanboro 9ine Planet Tourbillon – Astroworld Collection<br/>A celestial masterpiece of modern horology.</p><p>Inspired by the cosmos, the Hanboro 9ine Planet Tourbillon features a skeletonized dial with a rotating globe, luminous planetary markers, and a manually carved flywheel. Powered by the reliable Japanese CITIZEN 8215 automatic movement, it offers a 42-hour power reserve and precision performance.</p><p>Crafted with a domed sapphire-grade crystal and a transparent caseback &nbsp;this watch reveals the beauty of its mechanical core. Finished with a genuine leather strap and dual butterfly clasp, it’s designed for comfort, style, and timeless sophistication.</p>
<h3>Specifications</h3>
<ul>
  <li><strong>Movement:</strong> Japanese CITIZEN 8215 mechanical movement ""Thickness: 5.67mm, 21 gems, Frequency 21600 times/hour, Stop second function, Automatic/manual loading</li>
  <li><strong>Power Reserve:</strong> 52 Hours</li>
  <li><strong>Jewels:</strong> 33 Synthetic Rubies</li>
  <li><strong>Frequency:</strong> 28,800 VPH (4.0 Hz)</li>
  <li><strong>Case Material:</strong> STAINLESS STEEL</li>
  <li><strong>Glass:</strong> SAPPHIRE CRYSTAL</li>
  <li><strong>Case Diameter:</strong> 45.5mm</li>
  <li><strong>Water Resistance:</strong> 50M (5 ATM)</li>
  <li><strong>Strap:</strong> LEATHER</li>
  <li><strong>Clasp:</strong> Push Button Hidden Clasp</li>
  <li><strong>Warranty:</strong> 24.0 Months Official Manufacturer Warranty</li>
</ul>
<h3>Compliance & Care</h3>
<p><strong>Country of Origin:</strong> People’s Republic of China</p>
<p><strong>Manufacturer:</strong> Guangzhou Hengbaoluo Technology Co., Ltd.</p>
<p><strong>Importer / Packer:</strong> Rise N Be Original Lifestyle Pvt Ltd, Building No. 3, 4th Floor, Block M, DLF City Phase II, Road Number 5, Sector 25, Gurugram, Haryana 122008, India</p>",HANBORO,Apparel & Accessories > Jewelry > Watches,Luxury Automatic Watches,"HANBORO, Luxury Watches, Automatic, TOURBILLON, 9INE Planet Orbiting Solar Complication, HBR-1020-AUTO-AST-GLD, Model-1020, Skeleton",TRUE,Title,Default Title,,,,,HBR-1020-AUTO-AST-GLD,250,shopify,3,continue,manual,40799,50999,TRUE,TRUE,HBR-1020-AUTO-AST-GLD,https://hanborowatches.in/transparent/hbr-1020-auto-ast-gld.webp,1,9INE Planet Series: Nebula Craft – Space Art Timepiece (Rose Gold) - Reference HBR-1020-AUTO-AST-GLD,FALSE,9INE Planet Series: Nebula Craft – Space Art Timepiece (Rose Gold),"Hanboro Celestial Skeleton – a cosmic masterpiece with a rotating globe, luminous starry sky dial, and skeletonized movement artistry.",Apparel & Accessories > Jewelry > Watches,Unisex,Adult,HBR-1020-AUTO-AST-GLD,new,FALSE,,,,,,https://hanborowatches.in/transparent/hbr-1020-auto-ast-gld.webp,g,,,active
hbr-1020-auto-ast-gld,,,,,,,,,,,,,,,,,,,,,,,,,https://hanborowatches.in/watch-celestial-dragon-tourbillon-rosegold-front-transparent.webp,2,9INE Planet Series: Nebula Craft – Space Art Timepiece (Rose Gold) - View 2,,,,,,,,,,,,,,,,,,,
hbr-1020-auto-ast-gld,,,,,,,,,,,,,,,,,,,,,,,,,https://hanborowatches.in/catalog/hbr-1020-auto-ast-gld-view-1.jpg,3,9INE Planet Series: Nebula Craft – Space Art Timepiece (Rose Gold) - View 3,,,,,,,,,,,,,,,,,,,
hbr-1020-auto-ast-gld,,,,,,,,,,,,,,,,,,,,,,,,,https://hanborowatches.in/catalog/hbr-1020-auto-ast-gld-front.jpg,4,9INE Planet Series: Nebula Craft – Space Art Timepiece (Rose Gold) - View 4,,,,,,,,,,,,,,,,,,,
hbr-1020-auto-ast-slv,9INE Planet Series: Nebula Craft – Space Art Timepiece (Starlight Silver),"<p>Hanboro 9ine Planet Tourbillon – Astroworld Collection<br/>A celestial masterpiece of modern horology.</p><p>Inspired by the cosmos, the Hanboro 9ine Planet Tourbillon features a skeletonized dial with a rotating globe, luminous planetary markers, and a manually carved flywheel. Powered by the reliable Japanese CITIZEN 8215 automatic movement, it offers a 42-hour power reserve and precision performance.</p><p>Crafted with a domed sapphire-grade crystal and a transparent caseback &nbsp;this watch reveals the beauty of its mechanical core. Finished with a genuine leather strap and dual butterfly clasp, it’s designed for comfort, style, and timeless sophistication.</p>
<h3>Specifications</h3>
<ul>
  <li><strong>Movement:</strong> Japanese CITIZEN 8215 mechanical movement ""Thickness: 5.67mm, 21 gems, Frequency 21600 times/hour, Stop second function, Automatic/manual loading</li>
  <li><strong>Power Reserve:</strong> 52 Hours</li>
  <li><strong>Jewels:</strong> 33 Synthetic Rubies</li>
  <li><strong>Frequency:</strong> 28,800 VPH (4.0 Hz)</li>
  <li><strong>Case Material:</strong> STAINLESS STEEL</li>
  <li><strong>Glass:</strong> SAPPHIRE CRYSTAL</li>
  <li><strong>Case Diameter:</strong> 45.5mm</li>
  <li><strong>Water Resistance:</strong> 50M (5 ATM)</li>
  <li><strong>Strap:</strong> LEATHER</li>
  <li><strong>Clasp:</strong> Push Button Hidden Clasp</li>
  <li><strong>Warranty:</strong> 24.0 Months Official Manufacturer Warranty</li>
</ul>
<h3>Compliance & Care</h3>
<p><strong>Country of Origin:</strong> People’s Republic of China</p>
<p><strong>Manufacturer:</strong> Guangzhou Hengbaoluo Technology Co., Ltd.</p>
<p><strong>Importer / Packer:</strong> Rise N Be Original Lifestyle Pvt Ltd, Building No. 3, 4th Floor, Block M, DLF City Phase II, Road Number 5, Sector 25, Gurugram, Haryana 122008, India</p>",HANBORO,Apparel & Accessories > Jewelry > Watches,Luxury Automatic Watches,"HANBORO, Luxury Watches, Automatic, TOURBILLON, 9INE Planet Orbiting Solar Complication, HBR-1020-AUTO-AST-SLV, Model-1020, Skeleton",TRUE,Title,Default Title,,,,,HBR-1020-AUTO-AST-SLV,250,shopify,8,continue,manual,40799,50999,TRUE,TRUE,HBR-1020-AUTO-AST-SLV,https://hanborowatches.in/transparent/hbr-1020-auto-ast-slv.webp,1,9INE Planet Series: Nebula Craft – Space Art Timepiece (Starlight Silver) - Reference HBR-1020-AUTO-AST-SLV,FALSE,9INE Planet Series: Nebula Craft – Space Art Timepiece (Starlight Silver),"Hanboro Celestial Skeleton – a cosmic masterpiece with a rotating globe, luminous starry sky dial, and skeletonized movement artistry.",Apparel & Accessories > Jewelry > Watches,Unisex,Adult,HBR-1020-AUTO-AST-SLV,new,FALSE,,,,,,https://hanborowatches.in/transparent/hbr-1020-auto-ast-slv.webp,g,,,active
hbr-1020-auto-ast-slv,,,,,,,,,,,,,,,,,,,,,,,,,https://hanborowatches.in/watch-planetary-cosmos-tourbillon-silver-front-transparent.webp,2,9INE Planet Series: Nebula Craft – Space Art Timepiece (Starlight Silver) - View 2,,,,,,,,,,,,,,,,,,,
hbr-1020-auto-ast-slv,,,,,,,,,,,,,,,,,,,,,,,,,https://hanborowatches.in/watch-planetary-cosmos-tourbillon-silver-galaxy.webp,3,9INE Planet Series: Nebula Craft – Space Art Timepiece (Starlight Silver) - View 3,,,,,,,,,,,,,,,,,,,
hbr-1020-auto-ast-slv,,,,,,,,,,,,,,,,,,,,,,,,,https://hanborowatches.in/watch-planetary-cosmos-tourbillon-silver-planets.webp,4,9INE Planet Series: Nebula Craft – Space Art Timepiece (Starlight Silver) - View 4,,,,,,,,,,,,,,,,,,,
hbr-1020-auto-ast-slv,,,,,,,,,,,,,,,,,,,,,,,,,https://hanborowatches.in/watch-planetary-cosmos-tourbillon-silver-wrist-sartorial.webp,5,9INE Planet Series: Nebula Craft – Space Art Timepiece (Starlight Silver) - View 5,,,,,,,,,,,,,,,,,,,
hbr-1020-auto-ast-slv,,,,,,,,,,,,,,,,,,,,,,,,,https://hanborowatches.in/watch-planetary-cosmos-tourbillon-silver-wrist-macro.webp,6,9INE Planet Series: Nebula Craft – Space Art Timepiece (Starlight Silver) - View 6,,,,,,,,,,,,,,,,,,,
hbr-1020-auto-ast-slv,,,,,,,,,,,,,,,,,,,,,,,,,https://hanborowatches.in/catalog/hbr-1020-auto-ast-slv-front.jpg,7,9INE Planet Series: Nebula Craft – Space Art Timepiece (Starlight Silver) - View 7,,,,,,,,,,,,,,,,,,,
hbr-2003-auto-hive-aquablue,Queen Bee Series: The Hive Mechanica – Royal Precision Watch (Aqua Blue),"<p>Queen Bee Series: The Hive Mechanica – Royal Precision Watch<br/>Elegance in motion. Built with purpose.</p><p>The Hive Mechanica is a testament to precision engineering and refined craftsmanship. Its meticulously finished 304 fine steel case, shaped using diamond knife drawing techniques, radiates modern sophistication while paying homage to timeless mechanical artistry.</p><p>At its heart beats the original Shanghai 1911 multifunctional mechanical movement—featuring a skeletonized flywheel, 24-hour subdial, and calendar complication, all working in perfect harmony. The sapphire crystal glass mirror, carved with diamond-blade precision, offers unmatched clarity and brilliance.</p><p>From the Geneva-patterned transparent caseback to the fluid sweep of the ornamental flywheel, every detail is designed to inspire. Paired with a supple silicone strap and a finely engineered double-control butterfly clasp, it promises both comfort and strength.</p><p>A watch made not just to be worn—but to be remembered</p>
<h3>Specifications</h3>
<ul>
  <li><strong>Movement:</strong> Chinese Liaocheng C9011 mechanical movement ""Thickness: 6.55mm, 26 gems, Frequency 21600 times/hour, Stop second function, Automatic/manual loading</li>
  <li><strong>Power Reserve:</strong> ~42 Hours</li>
  <li><strong>Jewels:</strong> 24 Synthetic Rubies</li>
  <li><strong>Frequency:</strong> 28,800 BPH (4 Hz)</li>
  <li><strong>Case Material:</strong> STAINLESS STEEL</li>
  <li><strong>Glass:</strong> SAPPHIRE CRYSTAL</li>
  <li><strong>Case Diameter:</strong> 44mm</li>
  <li><strong>Water Resistance:</strong> 50M</li>
  <li><strong>Strap:</strong> LEATHER ()</li>
  <li><strong>Clasp:</strong> Butterfly Clasp</li>
  <li><strong>Warranty:</strong> 24.0 Months Official Manufacturer Warranty</li>
</ul>
<h3>Compliance & Care</h3>
<p><strong>Country of Origin:</strong> People’s Republic of China</p>
<p><strong>Manufacturer:</strong> Guangzhou Hengbaoluo Technology Co., Ltd.</p>
<p><strong>Importer / Packer:</strong> Rise N Be Original Lifestyle Pvt Ltd, Building No. 3, 4th Floor, Block M, DLF City Phase II, Road Number 5, Sector 25, Gurugram, Haryana 122008, India</p>",HANBORO,Apparel & Accessories > Jewelry > Watches,Luxury Automatic Watches,"HANBORO, Luxury Watches, Automatic, OCTAGONAL, Hive Mechanica Triple Complication, HBR-2003-AUTO-HIVE-aquablue, Model-2003, Skeleton",TRUE,Title,Default Title,,,,,HBR-2003-AUTO-HIVE-aquablue,250,shopify,10,continue,manual,33599,41999,TRUE,TRUE,HBR-2003-AUTO-HIVE-aquablue,https://hanborowatches.in/transparent/hbr-2003-auto-hive-aquablue.webp,1,Queen Bee Series: The Hive Mechanica – Royal Precision Watch (Aqua Blue) - Reference HBR-2003-AUTO-HIVE-aquablue,FALSE,Queen Bee Series: The Hive Mechanica – Royal Precision Watch (Aqua Blue),"Hanboro Queen Bee Hive Mechanica – luxury 26-jewel automatic with sapphire glass, skeleton flywheel & royal design.",Apparel & Accessories > Jewelry > Watches,Unisex,Adult,HBR-2003-AUTO-HIVE-aquablue,new,FALSE,,,,,,https://hanborowatches.in/transparent/hbr-2003-auto-hive-aquablue.webp,g,,,active
hbr-2003-auto-hive-aquablue,,,,,,,,,,,,,,,,,,,,,,,,,https://hanborowatches.in/catalog/hbr-2003-auto-hive-aquablue-view-1.jpg,2,Queen Bee Series: The Hive Mechanica – Royal Precision Watch (Aqua Blue) - View 2,,,,,,,,,,,,,,,,,,,
hbr-2003-auto-hive-aquablue,,,,,,,,,,,,,,,,,,,,,,,,,https://hanborowatches.in/catalog/hbr-2003-auto-hive-aquablue-front.jpg,3,Queen Bee Series: The Hive Mechanica – Royal Precision Watch (Aqua Blue) - View 3,,,,,,,,,,,,,,,,,,,
hbr-2003-auto-hive-blk,Queen Bee Series: The Hive Mechanica – Royal Precision Watch (Midnight Black),"<p>Queen Bee Series: The Hive Mechanica – Royal Precision Watch<br/>Elegance in motion. Built with purpose.</p><p>The Hive Mechanica is a testament to precision engineering and refined craftsmanship. Its meticulously finished 304 fine steel case, shaped using diamond knife drawing techniques, radiates modern sophistication while paying homage to timeless mechanical artistry.</p><p>At its heart beats the original Shanghai 1911 multifunctional mechanical movement—featuring a skeletonized flywheel, 24-hour subdial, and calendar complication, all working in perfect harmony. The sapphire crystal glass mirror, carved with diamond-blade precision, offers unmatched clarity and brilliance.</p><p>From the Geneva-patterned transparent caseback to the fluid sweep of the ornamental flywheel, every detail is designed to inspire. Paired with a supple silicone strap and a finely engineered double-control butterfly clasp, it promises both comfort and strength.</p><p>A watch made not just to be worn—but to be remembered</p>
<h3>Specifications</h3>
<ul>
  <li><strong>Movement:</strong> Chinese Liaocheng C9011 mechanical movement ""Thickness: 6.55mm, 26 gems, Frequency 21600 times/hour, Stop second function, Automatic/manual loading</li>
  <li><strong>Power Reserve:</strong> Approx. 42 Hours</li>
  <li><strong>Jewels:</strong> 21+ Jewels</li>
  <li><strong>Frequency:</strong> 21,600 VPH</li>
  <li><strong>Case Material:</strong> 316L Stainless Steel</li>
  <li><strong>Glass:</strong> Synthetic Sapphire Crystal</li>
  <li><strong>Case Diameter:</strong> 44mm</li>
  <li><strong>Water Resistance:</strong> 50M (5 ATM)</li>
  <li><strong>Strap:</strong> Fluororubber / Stainless Steel</li>
  <li><strong>Clasp:</strong> Butterfly Clasp / Tang Buckle</li>
  <li><strong>Warranty:</strong> 24 Months Official Manufacturer Warranty</li>
</ul>
<h3>Compliance & Care</h3>
<p><strong>Country of Origin:</strong> People’s Republic of China</p>
<p><strong>Manufacturer:</strong> Guangzhou Hengbaoluo Technology Co., Ltd.</p>
<p><strong>Importer / Packer:</strong> Rise N Be Original Lifestyle Pvt Ltd, Building No. 3, 4th Floor, Block M, DLF City Phase II, Road Number 5, Sector 25, Gurugram, Haryana 122008, India</p>",HANBORO,Apparel & Accessories > Jewelry > Watches,Luxury Automatic Watches,"HANBORO, Luxury Watches, Automatic, OCTAGONAL, Hive Mechanica Triple Complication, HBR-2003-AUTO-HIVE-BLK, Model-2003, Skeleton",TRUE,Title,Default Title,,,,,HBR-2003-AUTO-HIVE-BLK,250,shopify,8,continue,manual,33599,41999,TRUE,TRUE,HBR-2003-AUTO-HIVE-BLK,https://hanborowatches.in/transparent/hbr-2003-auto-hive-blk.webp,1,Queen Bee Series: The Hive Mechanica – Royal Precision Watch (Midnight Black) - Reference HBR-2003-AUTO-HIVE-BLK,FALSE,Queen Bee Series: The Hive Mechanica – Royal Precision Watch (Midnight Black),"304 fine steel diamond knife batch drawing technology case, fine steel drawing texture ring mouth.",Apparel & Accessories > Jewelry > Watches,Unisex,Adult,HBR-2003-AUTO-HIVE-BLK,new,FALSE,,,,,,https://hanborowatches.in/transparent/hbr-2003-auto-hive-blk.webp,g,,,active
hbr-2003-auto-hive-blk,,,,,,,,,,,,,,,,,,,,,,,,,https://hanborowatches.in/catalog/hbr-2003-auto-hive-blk-front.jpg,2,Queen Bee Series: The Hive Mechanica – Royal Precision Watch (Midnight Black) - View 2,,,,,,,,,,,,,,,,,,,
hbr-2003-auto-hive-deepseablue,Queen Bee Series: The Hive Mechanica – Royal Precision Watch (Deep Sea Blue),"<p>Queen Bee Series: The Hive Mechanica – Royal Precision Watch<br/>Elegance in motion. Built with purpose.</p><p>The Hive Mechanica is a testament to precision engineering and refined craftsmanship. Its meticulously finished 304 fine steel case, shaped using diamond knife drawing techniques, radiates modern sophistication while paying homage to timeless mechanical artistry.</p><p>At its heart beats the original Shanghai 1911 multifunctional mechanical movement—featuring a skeletonized flywheel, 24-hour subdial, and calendar complication, all working in perfect harmony. The sapphire crystal glass mirror, carved with diamond-blade precision, offers unmatched clarity and brilliance.</p><p>From the Geneva-patterned transparent caseback to the fluid sweep of the ornamental flywheel, every detail is designed to inspire. Paired with a supple silicone strap and a finely engineered double-control butterfly clasp, it promises both comfort and strength.</p><p>A watch made not just to be worn—but to be remembered</p>
<h3>Specifications</h3>
<ul>
  <li><strong>Movement:</strong> Chinese Liaocheng C9011 mechanical movement ""Thickness: 6.55mm, 26 gems, Frequency 21600 times/hour, Stop second function, Automatic/manual loading</li>
  <li><strong>Power Reserve:</strong> Approx. 42 Hours</li>
  <li><strong>Jewels:</strong> 21+ Jewels</li>
  <li><strong>Frequency:</strong> 21,600 VPH</li>
  <li><strong>Case Material:</strong> 316L Stainless Steel</li>
  <li><strong>Glass:</strong> Synthetic Sapphire Crystal</li>
  <li><strong>Case Diameter:</strong> 44mm</li>
  <li><strong>Water Resistance:</strong> 50M (5 ATM)</li>
  <li><strong>Strap:</strong> Fluororubber / Stainless Steel</li>
  <li><strong>Clasp:</strong> Butterfly Clasp / Tang Buckle</li>
  <li><strong>Warranty:</strong> 24 Months Official Manufacturer Warranty</li>
</ul>
<h3>Compliance & Care</h3>
<p><strong>Country of Origin:</strong> People’s Republic of China</p>
<p><strong>Manufacturer:</strong> Guangzhou Hengbaoluo Technology Co., Ltd.</p>
<p><strong>Importer / Packer:</strong> Rise N Be Original Lifestyle Pvt Ltd, Building No. 3, 4th Floor, Block M, DLF City Phase II, Road Number 5, Sector 25, Gurugram, Haryana 122008, India</p>",HANBORO,Apparel & Accessories > Jewelry > Watches,Luxury Automatic Watches,"HANBORO, Luxury Watches, Automatic, OCTAGONAL, Hive Mechanica Triple Complication, HBR-2003-AUTO-HIVE-DEEPSEABLUE, Model-2003, Skeleton",TRUE,Title,Default Title,,,,,HBR-2003-AUTO-HIVE-DEEPSEABLUE,250,shopify,8,continue,manual,33599,41999,TRUE,TRUE,HBR-2003-AUTO-HIVE-DEEPSEABLUE,https://hanborowatches.in/transparent/hbr-2003-auto-hive-deepseablue.webp,1,Queen Bee Series: The Hive Mechanica – Royal Precision Watch (Deep Sea Blue) - Reference HBR-2003-AUTO-HIVE-DEEPSEABLUE,FALSE,Queen Bee Series: The Hive Mechanica – Royal Precision Watch (Deep Sea Blue),"304 fine steel diamond knife batch drawing technology case, fine steel drawing texture ring mouth.",Apparel & Accessories > Jewelry > Watches,Unisex,Adult,HBR-2003-AUTO-HIVE-DEEPSEABLUE,new,FALSE,,,,,,https://hanborowatches.in/transparent/hbr-2003-auto-hive-deepseablue.webp,g,,,active
hbr-2003-auto-hive-deepseablue,,,,,,,,,,,,,,,,,,,,,,,,,https://hanborowatches.in/catalog/hbr-2003-auto-hive-deepseablue-front.jpg,2,Queen Bee Series: The Hive Mechanica – Royal Precision Watch (Deep Sea Blue) - View 2,,,,,,,,,,,,,,,,,,,
hbr-933-auto-falconx-blk,Falcon X Series: Aviation-Inspired Precision Watch (Stealth Black),"<p>Falcon X Series: Aviation-Inspired Precision Watch</p><p>Where bold engineering meets aerial imagination. The Falcon X features a sharply contoured stainless steel case and a commanding skeleton dial shaped like a fighter jet. The rotating “Future Planet” disc moves with each passing day, while luminous markers ensure clarity in low light. From its see-through caseback to its dynamic presence, this timepiece is crafted for high flyers with an eye for mechanical artistry.</p>
<h3>Specifications</h3>
<ul>
  <li><strong>Movement:</strong> Japanese CITIZEN 8215 mechanical movement ""Thickness: 5.67mm, 21 gems, Frequency 21600 times/hour, Stop second function, Automatic/manual loading</li>
  <li><strong>Power Reserve:</strong> 48 Hours</li>
  <li><strong>Jewels:</strong> 26 Synthetic Rubies & Heat-Blued Screws</li>
  <li><strong>Frequency:</strong> 28,800 VPH (4.0 Hz)</li>
  <li><strong>Case Material:</strong> STAINLESS STEEL</li>
  <li><strong>Glass:</strong> SAPPHIRE CRYSTAL</li>
  <li><strong>Case Diameter:</strong> 42mm</li>
  <li><strong>Water Resistance:</strong> 50M (5 ATM)</li>
  <li><strong>Strap:</strong> SILICONE</li>
  <li><strong>Clasp:</strong> Butterfly Clasp</li>
  <li><strong>Warranty:</strong> 24.0 Months Official Manufacturer Warranty</li>
</ul>
<h3>Compliance & Care</h3>
<p><strong>Country of Origin:</strong> People’s Republic of China</p>
<p><strong>Manufacturer:</strong> Guangzhou Hengbaoluo Technology Co., Ltd.</p>
<p><strong>Importer / Packer:</strong> Rise N Be Original Lifestyle Pvt Ltd, Building No. 3, 4th Floor, Block M, DLF City Phase II, Road Number 5, Sector 25, Gurugram, Haryana 122008, India</p>",HANBORO,Apparel & Accessories > Jewelry > Watches,Luxury Automatic Watches,"HANBORO, Luxury Watches, Automatic, TONNEAU, Aviation Fighter Jet Skeleton Automatic, HBR-933-AUTO-FALCONX-BLK, Model-933, Skeleton",TRUE,Title,Default Title,,,,,HBR-933-AUTO-FALCONX-BLK,250,shopify,8,continue,manual,33599,41999,TRUE,TRUE,HBR-933-AUTO-FALCONX-BLK,https://hanborowatches.in/transparent/stealth-fighter-jet-tonneau.webp,1,Falcon X Series: Aviation-Inspired Precision Watch (Stealth Black) - Reference HBR-933-AUTO-FALCONX-BLK,FALSE,Falcon X Series: Aviation-Inspired Precision Watch (Stealth Black),"Falcon X Series – Aviation-inspired automatic watch with jet-shaped skeleton dial, Future Planet disc, and diamond-set steel case.",Apparel & Accessories > Jewelry > Watches,Unisex,Adult,HBR-933-AUTO-FALCONX-BLK,new,FALSE,,,,,,https://hanborowatches.in/transparent/stealth-fighter-jet-tonneau.webp,g,,,active
hbr-933-auto-falconx-blk,,,,,,,,,,,,,,,,,,,,,,,,,https://hanborowatches.in/catalog/hbr-933-auto-falconx-blk-view-1.jpg,2,Falcon X Series: Aviation-Inspired Precision Watch (Stealth Black) - View 2,,,,,,,,,,,,,,,,,,,
hbr-933-auto-falconx-blk,,,,,,,,,,,,,,,,,,,,,,,,,https://hanborowatches.in/catalog/hbr-933-auto-falconx-blk-front.jpg,3,Falcon X Series: Aviation-Inspired Precision Watch (Stealth Black) - View 3,,,,,,,,,,,,,,,,,,,
hbr-848-auto-nebula-blk,Silver Nebula – Diamond Hour Markers & Meteoric Texture (Cosmic Black),"<p>Silver Nebula – Diamond Hour Markers & Meteoric Texture</p><p>Bold elegance meets cosmic detail.</p><p>The Silver Nebula is powered by the reliable imported 8217 mechanical movement, known for its precision and performance. The dial features a meteorite-texture finish with 48 sparkling crystal diamonds, luminous markers, and a stunning 24-hour aurora globe display—bringing depth and brilliance to every glance.</p><p>Designed with comfort and versatility in mind, this watch comes with a soft silicone strap for everyday wear and an additional stainless steel strap to elevate your look when needed. Whether you're navigating your day or dressing for the night, the Silver Nebula moves effortlessly with you</p>
<h3>Specifications</h3>
<ul>
  <li><strong>Movement:</strong> Japanese 8217 mechanical movement ""Thickness: 5.67mm, 21 gems, Frequency 21600 times/hour, Stop second function, Automatic/manual loading, Quick Calendar Settings</li>
  <li><strong>Power Reserve:</strong> 45 Hours</li>
  <li><strong>Jewels:</strong> 25 Synthetic Rubies</li>
  <li><strong>Frequency:</strong> 28,800 VPH (4.0 Hz)</li>
  <li><strong>Case Material:</strong> STAINLESS STEEL</li>
  <li><strong>Glass:</strong> SAPPHIRE CRYSTAL</li>
  <li><strong>Case Diameter:</strong> 42mm</li>
  <li><strong>Water Resistance:</strong> 50M (5 ATM)</li>
  <li><strong>Strap:</strong> SILICONE</li>
  <li><strong>Clasp:</strong> BUCKLE</li>
  <li><strong>Warranty:</strong> 24.0 Months Official Manufacturer Warranty</li>
</ul>
<h3>Compliance & Care</h3>
<p><strong>Country of Origin:</strong> People’s Republic of China</p>
<p><strong>Manufacturer:</strong> Guangzhou Hengbaoluo Technology Co., Ltd.</p>
<p><strong>Importer / Packer:</strong> Rise N Be Original Lifestyle Pvt Ltd, Building No. 3, 4th Floor, Block M, DLF City Phase II, Road Number 5, Sector 25, Gurugram, Haryana 122008, India</p>",HANBORO,Apparel & Accessories > Jewelry > Watches,Luxury Automatic Watches,"HANBORO, Luxury Watches, Automatic, OCTAGONAL, Aurora Globe & Meteorite Dial, HBR-848-AUTO-NEBULA-BLK, Model-848, Skeleton",TRUE,Title,Default Title,,,,,HBR-848-AUTO-NEBULA-BLK,250,shopify,2,continue,manual,31999,39999,TRUE,TRUE,HBR-848-AUTO-NEBULA-BLK,https://hanborowatches.in/transparent/hbr-848-auto-nebula-blk.webp,1,Silver Nebula – Diamond Hour Markers & Meteoric Texture (Cosmic Black) - Reference HBR-848-AUTO-NEBULA-BLK,FALSE,Silver Nebula – Diamond Hour Markers & Meteoric Texture (Cosmic Black),"Silver Nebula—luxury automatic skeleton watch with 24H globe, sapphire crystal, and Japanese 8217 movement. Celestial power on your wrist.",Apparel & Accessories > Jewelry > Watches,Unisex,Adult,HBR-848-AUTO-NEBULA-BLK,new,FALSE,,,,,,https://hanborowatches.in/transparent/hbr-848-auto-nebula-blk.webp,g,,,active
hbr-848-auto-nebula-blk,,,,,,,,,,,,,,,,,,,,,,,,,https://hanborowatches.in/catalog/hbr-848-auto-nebula-blk-view-1.jpg,2,Silver Nebula – Diamond Hour Markers & Meteoric Texture (Cosmic Black) - View 2,,,,,,,,,,,,,,,,,,,
hbr-848-auto-nebula-blk,,,,,,,,,,,,,,,,,,,,,,,,,https://hanborowatches.in/catalog/hbr-848-auto-nebula-blk-front.jpg,3,Silver Nebula – Diamond Hour Markers & Meteoric Texture (Cosmic Black) - View 3,,,,,,,,,,,,,,,,,,,
hbr-8821-auto-astro-rg-wyt,AstroSphere DualCore – Twin Tourbillon Timepiece (Rose Gold & Pearl White),"<p>AstroSphere DualCore – Twin Tourbillon Timepiece<br/>All eyes on your wrist.</p><p>The AstroSphere DualCore isn’t just a watch—it’s a conversation starter. With twin exposed flywheels in motion and a globe at its heart, this timepiece brings the universe to your fingertips. The open worked dial glows after dark, radiating a mysterious charm that turns heads day or night.</p><p>Wrapped in a polished steel case and finished with a&nbsp; leather strap, it’s designed for those who appreciate complexity, beauty, and bold statements. Every glance reveals a new detail. Every second, a reminder that you don’t follow time—you lead it.</p><p>Own it, and let the world take notice.</p>
<h3>Specifications</h3>
<ul>
  <li><strong>Movement:</strong> Chinese Shanghai JHS15 mechanical movement ""Thickness: 7.1mm, 45 gems, Frequency 21600 times/hour, Stop second function, Automatic/manual loading</li>
  <li><strong>Power Reserve:</strong> Approx. 42 Hours</li>
  <li><strong>Jewels:</strong> 21+ Jewels</li>
  <li><strong>Frequency:</strong> 21,600 VPH</li>
  <li><strong>Case Material:</strong> 316L Stainless Steel</li>
  <li><strong>Glass:</strong> Synthetic Sapphire Crystal</li>
  <li><strong>Case Diameter:</strong> 42mm</li>
  <li><strong>Water Resistance:</strong> 50M (5 ATM)</li>
  <li><strong>Strap:</strong> Fluororubber / Stainless Steel</li>
  <li><strong>Clasp:</strong> Butterfly Clasp / Tang Buckle</li>
  <li><strong>Warranty:</strong> 24 Months Official Manufacturer Warranty</li>
</ul>
<h3>Compliance & Care</h3>
<p><strong>Country of Origin:</strong> People’s Republic of China</p>
<p><strong>Manufacturer:</strong> Guangzhou Hengbaoluo Technology Co., Ltd.</p>
<p><strong>Importer / Packer:</strong> Rise N Be Original Lifestyle Pvt Ltd, Building No. 3, 4th Floor, Block M, DLF City Phase II, Road Number 5, Sector 25, Gurugram, Haryana 122008, India</p>",HANBORO,Apparel & Accessories > Jewelry > Watches,Luxury Automatic Watches,"HANBORO, Luxury Watches, Automatic, TOURBILLON, Twin Balance Wheel Tourbillon, HBR-8821-AUTO-ASTRO-RG-WYT, Model-8821, Skeleton",TRUE,Title,Default Title,,,,,HBR-8821-AUTO-ASTRO-RG-WYT,250,shopify,8,continue,manual,33599,41999,TRUE,TRUE,HBR-8821-AUTO-ASTRO-RG-WYT,https://hanborowatches.in/transparent/hbr-8821-auto-astro-rg-wyt.webp,1,AstroSphere DualCore – Twin Tourbillon Timepiece (Rose Gold & Pearl White) - Reference HBR-8821-AUTO-ASTRO-RG-WYT,FALSE,AstroSphere DualCore – Twin Tourbillon Timepiece (Rose Gold & Pearl White),Product selling points:,Apparel & Accessories > Jewelry > Watches,Unisex,Adult,HBR-8821-AUTO-ASTRO-RG-WYT,new,FALSE,,,,,,https://hanborowatches.in/transparent/hbr-8821-auto-astro-rg-wyt.webp,g,,,active
hbr-8821-auto-astro-rg-wyt,,,,,,,,,,,,,,,,,,,,,,,,,https://hanborowatches.in/catalog/hbr-8821-auto-astro-rg-wyt-front.jpg,2,AstroSphere DualCore – Twin Tourbillon Timepiece (Rose Gold & Pearl White) - View 2,,,,,,,,,,,,,,,,,,,
hbr-ring-5378-2tiffany,Hanboro Ring the Bell – The Celebration Timepiece (Tiffany Blue Dial Edition),"<p>Hanboro Ring the Bell – Celebration Watch<br/>A moment in time, transformed into a celebration. The Hanboro Ring the Bell is a testament to refined craftsmanship, where light dances across a diamond-set dial and every detail whispers sophistication.</p><p>The polished 904L steel case frames a dial adorned with 48 shimmering crystal diamonds and skeletonized luminous markers, while the double sapphire crystal ensures enduring clarity and elegance. Through the transparent caseback, the artistry of fine watchmaking is revealed—inviting you to appreciate time not only as it passes, but as it lives.</p><p>Water-resistant to 100 meters and secured by a sculpted steel bracelet with a butterfly clasp, this timepiece is created for those who understand that true luxury lies in the moments worth celebrating.</p><p>Hanboro Ring the Bell – Not just a watch. A tribute to your finest moments.</p>
<h3>Specifications</h3>
<ul>
  <li><strong>Movement:</strong> Japan CITIZEN 9015 mechanical movement:, Thickness: 3.9mm, Diamond count; 24 pieces, Frequency 28800 times/hour, Automatic/manual winding</li>
  <li><strong>Power Reserve:</strong> 40 Hours</li>
  <li><strong>Jewels:</strong> 21 Jewels</li>
  <li><strong>Frequency:</strong> 21,600 VPH (3.0 Hz)</li>
  <li><strong>Case Material:</strong> STAINLESS STEEL</li>
  <li><strong>Glass:</strong> SAPPHIRE CRYSTAL</li>
  <li><strong>Case Diameter:</strong> 42mm</li>
  <li><strong>Water Resistance:</strong> 100M (10 ATM)</li>
  <li><strong>Strap:</strong> STAINLESS STELL</li>
  <li><strong>Clasp:</strong> Butterfly Clasp</li>
  <li><strong>Warranty:</strong> 24.0 Months Official Manufacturer Warranty</li>
</ul>
<h3>Compliance & Care</h3>
<p><strong>Country of Origin:</strong> People’s Republic of China</p>
<p><strong>Manufacturer:</strong> Guangzhou Hengbaoluo Technology Co., Ltd.</p>
<p><strong>Importer / Packer:</strong> Rise N Be Original Lifestyle Pvt Ltd, Building No. 3, 4th Floor, Block M, DLF City Phase II, Road Number 5, Sector 25, Gurugram, Haryana 122008, India</p>",HANBORO,Apparel & Accessories > Jewelry > Watches,Luxury Automatic Watches,"HANBORO, Luxury Watches, Automatic, CLASSIC, 904L Steel Celebration Masterpiece, HBR-RING-5378-2TIFFANY, Model-5378-2, Skeleton",TRUE,Title,Default Title,,,,,HBR-RING-5378-2TIFFANY,250,shopify,8,continue,manual,30399,37999,TRUE,TRUE,HBR-RING-5378-2TIFFANY,https://hanborowatches.in/transparent/turquoise-ringbell.webp,1,Hanboro Ring the Bell – The Celebration Timepiece (Tiffany Blue Dial Edition) - Reference HBR-RING-5378-2TIFFANY,FALSE,Hanboro Ring the Bell – The Celebration Timepiece (Tiffany Blue Dial Edition),"Hanboro Ring the Bell – 904L steel automatic with diamond dial, 60h reserve, sapphire crystal, and hourly bell chime with on/off control.",Apparel & Accessories > Jewelry > Watches,Unisex,Adult,HBR-RING-5378-2TIFFANY,new,FALSE,,,,,,https://hanborowatches.in/transparent/turquoise-ringbell.webp,g,,,active
hbr-ring-5378-2tiffany,,,,,,,,,,,,,,,,,,,,,,,,,https://hanborowatches.in/catalog/hbr-ring-5378-2tiffany-view-1.jpg,2,Hanboro Ring the Bell – The Celebration Timepiece (Tiffany Blue Dial Edition) - View 2,,,,,,,,,,,,,,,,,,,
hbr-ring-5378-2tiffany,,,,,,,,,,,,,,,,,,,,,,,,,https://hanborowatches.in/catalog/hbr-ring-5378-2tiffany-front.jpg,3,Hanboro Ring the Bell – The Celebration Timepiece (Tiffany Blue Dial Edition) - View 3,,,,,,,,,,,,,,,,,,,
hbr-ring-5378-blue,Hanboro Ring the Bell – The Celebration Timepiece (Royal Blue Dial Edition),"<p>Hanboro Ring the Bell – Celebration Watch<br/>A moment in time, transformed into a celebration. The Hanboro Ring the Bell is a testament to refined craftsmanship, where light dances across a diamond-set dial and every detail whispers sophistication.</p><p>The polished 904L steel case frames a dial adorned with 48 shimmering crystal diamonds and skeletonized luminous markers, while the double sapphire crystal ensures enduring clarity and elegance. Through the transparent caseback, the artistry of fine watchmaking is revealed—inviting you to appreciate time not only as it passes, but as it lives.</p><p>Water-resistant to 100 meters and secured by a sculpted steel bracelet with a butterfly clasp, this timepiece is created for those who understand that true luxury lies in the moments worth celebrating.</p><p>Hanboro Ring the Bell – Not just a watch. A tribute to your finest moments.</p>
<h3>Specifications</h3>
<ul>
  <li><strong>Movement:</strong> Japan CITIZEN 9015 mechanical movement:, Thickness: 3.9mm, Diamond count; 24 pieces, Frequency 28800 times/hour, Automatic/manual winding</li>
  <li><strong>Power Reserve:</strong> 45 Hours</li>
  <li><strong>Jewels:</strong> 27 Synthetic Rubies</li>
  <li><strong>Frequency:</strong> 28,800 VPH (4.0 Hz)</li>
  <li><strong>Case Material:</strong> STAINLESS STEEL</li>
  <li><strong>Glass:</strong> SAPPHIRE CRYSTAL</li>
  <li><strong>Case Diameter:</strong> 42mm</li>
  <li><strong>Water Resistance:</strong> 100M (10 ATM)</li>
  <li><strong>Strap:</strong> STAINLESS STELL</li>
  <li><strong>Clasp:</strong> Butterfly Clasp</li>
  <li><strong>Warranty:</strong> 24.0 Months Official Manufacturer Warranty</li>
</ul>
<h3>Compliance & Care</h3>
<p><strong>Country of Origin:</strong> People’s Republic of China</p>
<p><strong>Manufacturer:</strong> Guangzhou Hengbaoluo Technology Co., Ltd.</p>
<p><strong>Importer / Packer:</strong> Rise N Be Original Lifestyle Pvt Ltd, Building No. 3, 4th Floor, Block M, DLF City Phase II, Road Number 5, Sector 25, Gurugram, Haryana 122008, India</p>",HANBORO,Apparel & Accessories > Jewelry > Watches,Luxury Automatic Watches,"HANBORO, Luxury Watches, Automatic, CLASSIC, 904L Steel Celebration Masterpiece, HBR-RING-5378-BLUE, Model-5378, Skeleton",TRUE,Title,Default Title,,,,,HBR-RING-5378-BLUE,250,shopify,1,continue,manual,30399,37999,TRUE,TRUE,HBR-RING-5378-BLUE,https://hanborowatches.in/transparent/hbr-ring-5378-blue.webp,1,Hanboro Ring the Bell – The Celebration Timepiece (Royal Blue Dial Edition) - Reference HBR-RING-5378-BLUE,FALSE,Hanboro Ring the Bell – The Celebration Timepiece (Royal Blue Dial Edition),"Hanboro Ring the Bell – 904L steel automatic with diamond dial, 60h reserve, sapphire crystal, and hourly bell chime with on/off control.",Apparel & Accessories > Jewelry > Watches,Unisex,Adult,HBR-RING-5378-BLUE,new,FALSE,,,,,,https://hanborowatches.in/transparent/hbr-ring-5378-blue.webp,g,,,active
hbr-ring-5378-blue,,,,,,,,,,,,,,,,,,,,,,,,,https://hanborowatches.in/watch-sonnerie-bell-blue-front-transparent.webp,2,Hanboro Ring the Bell – The Celebration Timepiece (Royal Blue Dial Edition) - View 2,,,,,,,,,,,,,,,,,,,
hbr-ring-5378-blue,,,,,,,,,,,,,,,,,,,,,,,,,https://hanborowatches.in/watch-sonnerie-bell-blue-display.webp,3,Hanboro Ring the Bell – The Celebration Timepiece (Royal Blue Dial Edition) - View 3,,,,,,,,,,,,,,,,,,,
hbr-ring-5378-blue,,,,,,,,,,,,,,,,,,,,,,,,,https://hanborowatches.in/watch-sonnerie-bell-blue-vinyl.webp,4,Hanboro Ring the Bell – The Celebration Timepiece (Royal Blue Dial Edition) - View 4,,,,,,,,,,,,,,,,,,,
hbr-ring-5378-blue,,,,,,,,,,,,,,,,,,,,,,,,,https://hanborowatches.in/watch-sonnerie-bell-blue-splash.webp,5,Hanboro Ring the Bell – The Celebration Timepiece (Royal Blue Dial Edition) - View 5,,,,,,,,,,,,,,,,,,,
hbr-ring-5378-blue,,,,,,,,,,,,,,,,,,,,,,,,,https://hanborowatches.in/watch-sonnerie-bell-blue-wrist.webp,6,Hanboro Ring the Bell – The Celebration Timepiece (Royal Blue Dial Edition) - View 6,,,,,,,,,,,,,,,,,,,
hbr-ring-5378-blue,,,,,,,,,,,,,,,,,,,,,,,,,https://hanborowatches.in/catalog/hbr-ring-5378-blue-front.jpg,7,Hanboro Ring the Bell – The Celebration Timepiece (Royal Blue Dial Edition) - View 7,,,,,,,,,,,,,,,,,,,
hbr-906-auto-rgsl,Hanboro Transparence Excellence Automatic Skeleton Watch (Rose Gold & Silver),"<p>Experience timeless craftsmanship with the Hanboro Transparence Excellence Automatic Watch – a luxury men’s timepiece designed for those who value precision and style. Crafted with a diamond-cut stainless steel case and a scratch-resistant sapphire crystal, this watch showcases durability with a premium finish.</p><p>The double-sided skeleton flywheel dial reveals the beauty of the mechanical movement, while luminous markers ensure perfect readability day or night. Powered by an automatic movement with a 40-hour power reserve, it blends performance with sophistication.</p><p>Choose between a stainless steel bracelet or genuine leather strap, secured with a double-press butterfly clasp for all-day comfort. With 50M water resistance, the Transparence Excellence is built for both everyday wear and refined occasions.</p><p>Whether you’re building your collection or searching for a statement accessory, this automatic skeleton watch is designed to turn heads and elevate your style.</p>
<h3>Specifications</h3>
<ul>
  <li><strong>Movement:</strong> Japan CITIZEN 9015 mechanical movement:, Thickness: 3.9mm, Diamond count; 24 pieces, Frequency 28800 times/hour, Automatic/manual winding</li>
  <li><strong>Power Reserve:</strong> 45 Hours</li>
  <li><strong>Jewels:</strong> 24 Synthetic Rubies & Heat-Blued Screws</li>
  <li><strong>Frequency:</strong> 28,800 VPH (4.0 Hz)</li>
  <li><strong>Case Material:</strong> STAINLESS STEEL</li>
  <li><strong>Glass:</strong> SAPPHIRE CRYSTAL</li>
  <li><strong>Case Diameter:</strong> 41mm</li>
  <li><strong>Water Resistance:</strong> 50M (5 ATM)</li>
  <li><strong>Strap:</strong> STAINLESS STELL</li>
  <li><strong>Clasp:</strong> Butterfly Clasp</li>
  <li><strong>Warranty:</strong> 24.0 Months Official Manufacturer Warranty</li>
</ul>
<h3>Compliance & Care</h3>
<p><strong>Country of Origin:</strong> People’s Republic of China</p>
<p><strong>Manufacturer:</strong> Guangzhou Hengbaoluo Technology Co., Ltd.</p>
<p><strong>Importer / Packer:</strong> Rise N Be Original Lifestyle Pvt Ltd, Building No. 3, 4th Floor, Block M, DLF City Phase II, Road Number 5, Sector 25, Gurugram, Haryana 122008, India</p>",HANBORO,Apparel & Accessories > Jewelry > Watches,Luxury Automatic Watches,"HANBORO, Luxury Watches, Automatic, CLASSIC, Double-Sided Transparent Skeleton, HBR-906-AUTO-RGSL, Model-906, Skeleton",TRUE,Title,Default Title,,,,,HBR-906-AUTO-RGSL,250,shopify,1,continue,manual,29599,36999,TRUE,TRUE,HBR-906-AUTO-RGSL,https://hanborowatches.in/transparent/hbr-906-auto-rgsl.webp,1,Hanboro Transparence Excellence Automatic Skeleton Watch (Rose Gold & Silver) - Reference HBR-906-AUTO-RGSL,FALSE,Hanboro Transparence Excellence Automatic Skeleton Watch (Rose Gold & Silver),"Hanboro Transparence Excellence – skeleton automatic watch with sapphire crystal, luminous dial, 40h reserve, and 50M water resistance.",Apparel & Accessories > Jewelry > Watches,Unisex,Adult,HBR-906-AUTO-RGSL,new,FALSE,,,,,,https://hanborowatches.in/transparent/hbr-906-auto-rgsl.webp,g,,,active
hbr-906-auto-rgsl,,,,,,,,,,,,,,,,,,,,,,,,,https://hanborowatches.in/watch-architectural-skeleton-black-front-transparent.webp,2,Hanboro Transparence Excellence Automatic Skeleton Watch (Rose Gold & Silver) - View 2,,,,,,,,,,,,,,,,,,,
hbr-906-auto-rgsl,,,,,,,,,,,,,,,,,,,,,,,,,https://hanborowatches.in/catalog/hbr-906-auto-rgsl-front.jpg,3,Hanboro Transparence Excellence Automatic Skeleton Watch (Rose Gold & Silver) - View 3,,,,,,,,,,,,,,,,,,,
hbr-906-auto-silver,Hanboro Transparence Excellence Automatic Skeleton Watch (Stainless Steel),"<p>Experience timeless craftsmanship with the Hanboro Transparence Excellence Automatic Watch – a luxury men’s timepiece designed for those who value precision and style. Crafted with a diamond-cut stainless steel case and a scratch-resistant sapphire crystal, this watch showcases durability with a premium finish.</p><p>The double-sided skeleton flywheel dial reveals the beauty of the mechanical movement, while luminous markers ensure perfect readability day or night. Powered by an automatic movement with a 40-hour power reserve, it blends performance with sophistication.</p><p>Choose between a stainless steel bracelet or genuine leather strap, secured with a double-press butterfly clasp for all-day comfort. With 50M water resistance, the Transparence Excellence is built for both everyday wear and refined occasions.</p><p>Whether you’re building your collection or searching for a statement accessory, this automatic skeleton watch is designed to turn heads and elevate your style.</p>
<h3>Specifications</h3>
<ul>
  <li><strong>Movement:</strong> Japan CITIZEN 9015 mechanical movement:, Thickness: 3.9mm, Diamond count; 24 pieces, Frequency 28800 times/hour, Automatic/manual winding</li>
  <li><strong>Power Reserve:</strong> Approx. 42 Hours</li>
  <li><strong>Jewels:</strong> 21+ Jewels</li>
  <li><strong>Frequency:</strong> 21,600 VPH</li>
  <li><strong>Case Material:</strong> 316L Stainless Steel</li>
  <li><strong>Glass:</strong> Synthetic Sapphire Crystal</li>
  <li><strong>Case Diameter:</strong> 41mm</li>
  <li><strong>Water Resistance:</strong> 50M (5 ATM)</li>
  <li><strong>Strap:</strong> Fluororubber / Stainless Steel</li>
  <li><strong>Clasp:</strong> Butterfly Clasp / Tang Buckle</li>
  <li><strong>Warranty:</strong> 24 Months Official Manufacturer Warranty</li>
</ul>
<h3>Compliance & Care</h3>
<p><strong>Country of Origin:</strong> People’s Republic of China</p>
<p><strong>Manufacturer:</strong> Guangzhou Hengbaoluo Technology Co., Ltd.</p>
<p><strong>Importer / Packer:</strong> Rise N Be Original Lifestyle Pvt Ltd, Building No. 3, 4th Floor, Block M, DLF City Phase II, Road Number 5, Sector 25, Gurugram, Haryana 122008, India</p>",HANBORO,Apparel & Accessories > Jewelry > Watches,Luxury Automatic Watches,"HANBORO, Luxury Watches, Automatic, CLASSIC, Double-Sided Transparent Skeleton, HBR-906-AUTO-SILVER, Model-906, Skeleton",TRUE,Title,Default Title,,,,,HBR-906-AUTO-SILVER,250,shopify,8,continue,manual,29599,36999,TRUE,TRUE,HBR-906-AUTO-SILVER,https://hanborowatches.in/transparent/hbr-906-auto-silver.webp,1,Hanboro Transparence Excellence Automatic Skeleton Watch (Stainless Steel) - Reference HBR-906-AUTO-SILVER,FALSE,Hanboro Transparence Excellence Automatic Skeleton Watch (Stainless Steel),"""Product selling points:",Apparel & Accessories > Jewelry > Watches,Unisex,Adult,HBR-906-AUTO-SILVER,new,FALSE,,,,,,https://hanborowatches.in/transparent/hbr-906-auto-silver.webp,g,,,active
hbr-906-auto-silver,,,,,,,,,,,,,,,,,,,,,,,,,https://hanborowatches.in/catalog/hbr-906-auto-silver-front.jpg,2,Hanboro Transparence Excellence Automatic Skeleton Watch (Stainless Steel) - View 2,,,,,,,,,,,,,,,,,,,
hbr-906-auto-black,Hanboro Transparence Excellence Automatic Skeleton Watch (Stealth Black),"<p>Experience timeless craftsmanship with the Hanboro Transparence Excellence Automatic Watch – a luxury men’s timepiece designed for those who value precision and style. Crafted with a diamond-cut stainless steel case and a scratch-resistant sapphire crystal, this watch showcases durability with a premium finish.</p><p>The double-sided skeleton flywheel dial reveals the beauty of the mechanical movement, while luminous markers ensure perfect readability day or night. Powered by an automatic movement with a 40-hour power reserve, it blends performance with sophistication.</p><p>Choose between a stainless steel bracelet or genuine leather strap, secured with a double-press butterfly clasp for all-day comfort. With 50M water resistance, the Transparence Excellence is built for both everyday wear and refined occasions.</p><p>Whether you’re building your collection or searching for a statement accessory, this automatic skeleton watch is designed to turn heads and elevate your style.</p>
<h3>Specifications</h3>
<ul>
  <li><strong>Movement:</strong> Japan CITIZEN 9015 mechanical movement:, Thickness: 3.9mm, Diamond count; 24 pieces, Frequency 28800 times/hour, Automatic/manual winding</li>
  <li><strong>Power Reserve:</strong> 45 Hours</li>
  <li><strong>Jewels:</strong> 24 Synthetic Rubies & Heat-Blued Screws</li>
  <li><strong>Frequency:</strong> 28,800 VPH (4.0 Hz)</li>
  <li><strong>Case Material:</strong> STAINLESS STEEL</li>
  <li><strong>Glass:</strong> SAPPHIRE CRYSTAL</li>
  <li><strong>Case Diameter:</strong> 41mm</li>
  <li><strong>Water Resistance:</strong> 50M (5 ATM)</li>
  <li><strong>Strap:</strong> STAINLESS STELL</li>
  <li><strong>Clasp:</strong> Butterfly Clasp</li>
  <li><strong>Warranty:</strong> 24.0 Months Official Manufacturer Warranty</li>
</ul>
<h3>Compliance & Care</h3>
<p><strong>Country of Origin:</strong> People’s Republic of China</p>
<p><strong>Manufacturer:</strong> Guangzhou Hengbaoluo Technology Co., Ltd.</p>
<p><strong>Importer / Packer:</strong> Rise N Be Original Lifestyle Pvt Ltd, Building No. 3, 4th Floor, Block M, DLF City Phase II, Road Number 5, Sector 25, Gurugram, Haryana 122008, India</p>",HANBORO,Apparel & Accessories > Jewelry > Watches,Luxury Automatic Watches,"HANBORO, Luxury Watches, Automatic, CLASSIC, Double-Sided Transparent Skeleton, HBR-906-AUTO-BLACK, Model-906, Skeleton",TRUE,Title,Default Title,,,,,HBR-906-AUTO-BLACK,250,shopify,8,continue,manual,29599,36999,TRUE,TRUE,HBR-906-AUTO-BLACK,https://hanborowatches.in/transparent/hbr-906-auto-black.webp,1,Hanboro Transparence Excellence Automatic Skeleton Watch (Stealth Black) - Reference HBR-906-AUTO-BLACK,FALSE,Hanboro Transparence Excellence Automatic Skeleton Watch (Stealth Black),"Hanboro Transparence Excellence – skeleton automatic watch with sapphire crystal, luminous dial, 40h reserve, and 50M water resistance.",Apparel & Accessories > Jewelry > Watches,Unisex,Adult,HBR-906-AUTO-BLACK,new,FALSE,,,,,,https://hanborowatches.in/transparent/hbr-906-auto-black.webp,g,,,active
hbr-906-auto-black,,,,,,,,,,,,,,,,,,,,,,,,,https://hanborowatches.in/watch-architectural-skeleton-black-front-transparent.webp,2,Hanboro Transparence Excellence Automatic Skeleton Watch (Stealth Black) - View 2,,,,,,,,,,,,,,,,,,,
hbr-906-auto-black,,,,,,,,,,,,,,,,,,,,,,,,,https://hanborowatches.in/watch-architectural-skeleton-black-briefcase.webp,3,Hanboro Transparence Excellence Automatic Skeleton Watch (Stealth Black) - View 3,,,,,,,,,,,,,,,,,,,
hbr-906-auto-black,,,,,,,,,,,,,,,,,,,,,,,,,https://hanborowatches.in/watch-architectural-skeleton-black-sunlight.webp,4,Hanboro Transparence Excellence Automatic Skeleton Watch (Stealth Black) - View 4,,,,,,,,,,,,,,,,,,,
hbr-906-auto-black,,,,,,,,,,,,,,,,,,,,,,,,,https://hanborowatches.in/watch-architectural-skeleton-black-leather.webp,5,Hanboro Transparence Excellence Automatic Skeleton Watch (Stealth Black) - View 5,,,,,,,,,,,,,,,,,,,
hbr-906-auto-black,,,,,,,,,,,,,,,,,,,,,,,,,https://hanborowatches.in/catalog/hbr-906-auto-black-front.jpg,6,Hanboro Transparence Excellence Automatic Skeleton Watch (Stealth Black) - View 6,,,,,,,,,,,,,,,,,,,
hbr-9038-auto-black,Hanboro Nautilus Spirit – Great Wave Edition (Midnight Wave),"<p>Hanboro Nautilus Spirit – Ocean Wave Edition<br/>A fusion of transparency, mechanics, and artistry.</p><p>The Hanboro Nautilus Spirit is designed for those who appreciate both innovation and style. Featuring a square transparent case with crystal glass bezel, it offers a bold and futuristic presence on the wrist. The hollow wave-pattern dial, enhanced with luminous detailing, creates a striking visual inspired by the power of the ocean.</p><p>At its heart, the original Hangzhou 7500 hollow mechanical movement beats with precision – delivering a swing frequency of 28,800 vibrations/hour, a 40-hour power reserve, and accuracy within ±3 seconds/day. The exhibition back reveals the intricate mechanics in motion, thanks to a diamond-knife crafted crystal mirror for ultimate clarity.</p><p>Finished with a soft silicone strap for comfort and durability, and equipped with a secure butterfly spring clasp, this timepiece is made for daily wear. With deep waterproofing, it stands resilient through handwashing, rain, and swimming – without compromising its elegance.</p>
<h3>Specifications</h3>
<ul>
  <li><strong>Movement:</strong> Japan CITIZEN 9015 mechanical movement:, Thickness: 3.9mm, Diamond count; 24 pieces, Frequency 28800 times/hour, Automatic/manual winding</li>
  <li><strong>Power Reserve:</strong> ~42 Hours</li>
  <li><strong>Jewels:</strong> 24 Synthetic Rubies</li>
  <li><strong>Frequency:</strong> 28,800 BPH (4 Hz)</li>
  <li><strong>Case Material:</strong> ACRYLIC</li>
  <li><strong>Glass:</strong> GLASS</li>
  <li><strong>Case Diameter:</strong> 52mm</li>
  <li><strong>Water Resistance:</strong> 100M</li>
  <li><strong>Strap:</strong> SILICONE ()</li>
  <li><strong>Clasp:</strong> Butterfly Clasp</li>
  <li><strong>Warranty:</strong> 24.0 Months Official Manufacturer Warranty</li>
</ul>
<h3>Compliance & Care</h3>
<p><strong>Country of Origin:</strong> People’s Republic of China</p>
<p><strong>Manufacturer:</strong> Guangzhou Hengbaoluo Technology Co., Ltd.</p>
<p><strong>Importer / Packer:</strong> Rise N Be Original Lifestyle Pvt Ltd, Building No. 3, 4th Floor, Block M, DLF City Phase II, Road Number 5, Sector 25, Gurugram, Haryana 122008, India</p>",HANBORO,Apparel & Accessories > Jewelry > Watches,Luxury Automatic Watches,"HANBORO, Luxury Watches, Automatic, TONNEAU, Great Wave Ocean-Inspired Automatic, HBR-9038-AUTO-BLACK, Model-9038, Skeleton",TRUE,Title,Default Title,,,,,HBR-9038-AUTO-BLACK,250,shopify,10,continue,manual,42399,52999,TRUE,TRUE,HBR-9038-AUTO-BLACK,https://hanborowatches.in/transparent/hbr-9038-auto-black.webp,1,Hanboro Nautilus Spirit – Great Wave Edition (Midnight Wave) - Reference HBR-9038-AUTO-BLACK,FALSE,Hanboro Nautilus Spirit – Great Wave Edition (Midnight Wave),"Hanboro Nautilus Spirit – a skeletonized masterpiece with sapphire case, wave artistry, and celestial moon disc. Built for collectors who want art in motion.",Apparel & Accessories > Jewelry > Watches,Unisex,Adult,HBR-9038-AUTO-BLACK,new,FALSE,,,,,,https://hanborowatches.in/transparent/hbr-9038-auto-black.webp,g,,,active
hbr-9038-auto-black,,,,,,,,,,,,,,,,,,,,,,,,,https://hanborowatches.in/catalog/hbr-9038-auto-black-view-1.jpg,2,Hanboro Nautilus Spirit – Great Wave Edition (Midnight Wave) - View 2,,,,,,,,,,,,,,,,,,,
hbr-9038-auto-black,,,,,,,,,,,,,,,,,,,,,,,,,https://hanborowatches.in/catalog/hbr-9038-auto-black-front.jpg,3,Hanboro Nautilus Spirit – Great Wave Edition (Midnight Wave) - View 3,,,,,,,,,,,,,,,,,,,
hbr-9038-auto-blue,Hanboro Nautilus Spirit – Great Wave Edition (Pacific Blue),"<p>Hanboro Nautilus Spirit – Ocean Wave Edition<br/>A fusion of transparency, mechanics, and artistry.</p><p>The Hanboro Nautilus Spirit is designed for those who appreciate both innovation and style. Featuring a square transparent case with crystal glass bezel, it offers a bold and futuristic presence on the wrist. The hollow wave-pattern dial, enhanced with luminous detailing, creates a striking visual inspired by the power of the ocean.</p><p>At its heart, the original Hangzhou 7500 hollow mechanical movement beats with precision – delivering a swing frequency of 28,800 vibrations/hour, a 40-hour power reserve, and accuracy within ±3 seconds/day. The exhibition back reveals the intricate mechanics in motion, thanks to a diamond-knife crafted crystal mirror for ultimate clarity.</p><p>Finished with a soft silicone strap for comfort and durability, and equipped with a secure butterfly spring clasp, this timepiece is made for daily wear. With deep waterproofing, it stands resilient through handwashing, rain, and swimming – without compromising its elegance.</p>
<h3>Specifications</h3>
<ul>
  <li><strong>Movement:</strong> Japan CITIZEN 9015 mechanical movement:, Thickness: 3.9mm, Diamond count; 24 pieces, Frequency 28800 times/hour, Automatic/manual winding</li>
  <li><strong>Power Reserve:</strong> 50 Hours</li>
  <li><strong>Jewels:</strong> 28 Synthetic Rubies</li>
  <li><strong>Frequency:</strong> 28,800 VPH (4.0 Hz)</li>
  <li><strong>Case Material:</strong> ACRYLIC</li>
  <li><strong>Glass:</strong> K9 Crystal Glass</li>
  <li><strong>Case Diameter:</strong> 52mm</li>
  <li><strong>Water Resistance:</strong> 100M (10 ATM)</li>
  <li><strong>Strap:</strong> SILICONE</li>
  <li><strong>Clasp:</strong> Butterfly Clasp</li>
  <li><strong>Warranty:</strong> 24.0 Months Official Manufacturer Warranty</li>
</ul>
<h3>Compliance & Care</h3>
<p><strong>Country of Origin:</strong> People’s Republic of China</p>
<p><strong>Manufacturer:</strong> Guangzhou Hengbaoluo Technology Co., Ltd.</p>
<p><strong>Importer / Packer:</strong> Rise N Be Original Lifestyle Pvt Ltd, Building No. 3, 4th Floor, Block M, DLF City Phase II, Road Number 5, Sector 25, Gurugram, Haryana 122008, India</p>",HANBORO,Apparel & Accessories > Jewelry > Watches,Luxury Automatic Watches,"HANBORO, Luxury Watches, Automatic, TONNEAU, Great Wave Ocean-Inspired Automatic, HBR-9038-AUTO-BLUE, Model-9038, Skeleton",TRUE,Title,Default Title,,,,,HBR-9038-AUTO-BLUE,250,shopify,2,continue,manual,42399,52999,TRUE,TRUE,HBR-9038-AUTO-BLUE,https://hanborowatches.in/transparent/hbr-9038-auto-blue.webp,1,Hanboro Nautilus Spirit – Great Wave Edition (Pacific Blue) - Reference HBR-9038-AUTO-BLUE,FALSE,Hanboro Nautilus Spirit – Great Wave Edition (Pacific Blue),"Hanboro Nautilus Spirit – a skeletonized masterpiece with sapphire case, wave artistry, and celestial moon disc. Built for collectors who want art in motion.",Apparel & Accessories > Jewelry > Watches,Unisex,Adult,HBR-9038-AUTO-BLUE,new,FALSE,,,,,,https://hanborowatches.in/transparent/hbr-9038-auto-blue.webp,g,,,active
hbr-9038-auto-blue,,,,,,,,,,,,,,,,,,,,,,,,,https://hanborowatches.in/watch-sapphire-kanagawa-wave-front-transparent.webp,2,Hanboro Nautilus Spirit – Great Wave Edition (Pacific Blue) - View 2,,,,,,,,,,,,,,,,,,,
hbr-9038-auto-blue,,,,,,,,,,,,,,,,,,,,,,,,,https://hanborowatches.in/watch-sapphire-kanagawa-wave-motorsport.webp,3,Hanboro Nautilus Spirit – Great Wave Edition (Pacific Blue) - View 3,,,,,,,,,,,,,,,,,,,
hbr-9038-auto-blue,,,,,,,,,,,,,,,,,,,,,,,,,https://hanborowatches.in/watch-sapphire-kanagawa-wave-ocean.webp,4,Hanboro Nautilus Spirit – Great Wave Edition (Pacific Blue) - View 4,,,,,,,,,,,,,,,,,,,
hbr-9038-auto-blue,,,,,,,,,,,,,,,,,,,,,,,,,https://hanborowatches.in/watch-sapphire-kanagawa-wave-wrist.webp,5,Hanboro Nautilus Spirit – Great Wave Edition (Pacific Blue) - View 5,,,,,,,,,,,,,,,,,,,
hbr-9038-auto-blue,,,,,,,,,,,,,,,,,,,,,,,,,https://hanborowatches.in/catalog/hbr-9038-auto-blue-front.jpg,6,Hanboro Nautilus Spirit – Great Wave Edition (Pacific Blue) - View 6,,,,,,,,,,,,,,,,,,,
hbr-8821-2-auto-astro-rslvr,AstroSphere DualCore – Twin Tourbillon Timepiece (Steel Bracelet Rose Silver),"<p>Hanboro Nautilus Spirit – Ocean Wave Edition<br/>A fusion of transparency, mechanics, and artistry.</p><p>The Hanboro Nautilus Spirit is designed for those who appreciate both innovation and style. Featuring a square transparent case with crystal glass bezel, it offers a bold and futuristic presence on the wrist. The hollow wave-pattern dial, enhanced with luminous detailing, creates a striking visual inspired by the power of the ocean.</p><p>At its heart, the original Hangzhou 7500 hollow mechanical movement beats with precision – delivering a swing frequency of 28,800 vibrations/hour, a 40-hour power reserve, and accuracy within ±3 seconds/day. The exhibition back reveals the intricate mechanics in motion, thanks to a diamond-knife crafted crystal mirror for ultimate clarity.</p><p>Finished with a soft silicone strap for comfort and durability, and equipped with a secure butterfly spring clasp, this timepiece is made for daily wear. With deep waterproofing, it stands resilient through handwashing, rain, and swimming – without compromising its elegance.</p>
<h3>Specifications</h3>
<ul>
  <li><strong>Movement:</strong> Japan CITIZEN 9015 mechanical movement:, Thickness: 3.9mm, Diamond count; 24 pieces, Frequency 28800 times/hour, Automatic/manual winding</li>
  <li><strong>Power Reserve:</strong> Approx. 42 Hours</li>
  <li><strong>Jewels:</strong> 21+ Jewels</li>
  <li><strong>Frequency:</strong> 21,600 VPH</li>
  <li><strong>Case Material:</strong> 316L Stainless Steel</li>
  <li><strong>Glass:</strong> Synthetic Sapphire Crystal</li>
  <li><strong>Case Diameter:</strong> 42mm</li>
  <li><strong>Water Resistance:</strong> 50M (5 ATM)</li>
  <li><strong>Strap:</strong> Fluororubber / Stainless Steel</li>
  <li><strong>Clasp:</strong> Butterfly Clasp / Tang Buckle</li>
  <li><strong>Warranty:</strong> 24 Months Official Manufacturer Warranty</li>
</ul>
<h3>Compliance & Care</h3>
<p><strong>Country of Origin:</strong> People’s Republic of China</p>
<p><strong>Manufacturer:</strong> Guangzhou Hengbaoluo Technology Co., Ltd.</p>
<p><strong>Importer / Packer:</strong> Rise N Be Original Lifestyle Pvt Ltd, Building No. 3, 4th Floor, Block M, DLF City Phase II, Road Number 5, Sector 25, Gurugram, Haryana 122008, India</p>",HANBORO,Apparel & Accessories > Jewelry > Watches,Luxury Automatic Watches,"HANBORO, Luxury Watches, Automatic, TOURBILLON, Twin Balance Wheel Steel Bracelet Edition, HBR-8821-2-AUTO-ASTRO-rslvr, Model-8821-2, Skeleton",TRUE,Title,Default Title,,,,,HBR-8821-2-AUTO-ASTRO-rslvr,250,shopify,2,continue,manual,33599,41999,TRUE,TRUE,HBR-8821-2-AUTO-ASTRO-rslvr,https://hanborowatches.in/transparent/hbr-8821-2-auto-astro-rslvr.webp,1,AstroSphere DualCore – Twin Tourbillon Timepiece (Steel Bracelet Rose Silver) - Reference HBR-8821-2-AUTO-ASTRO-rslvr,FALSE,AstroSphere DualCore – Twin Tourbillon Timepiece (Steel Bracelet Rose Silver),"""Product selling point:",Apparel & Accessories > Jewelry > Watches,Unisex,Adult,HBR-8821-2-AUTO-ASTRO-rslvr,new,FALSE,,,,,,https://hanborowatches.in/transparent/hbr-8821-2-auto-astro-rslvr.webp,g,,,active
hbr-8821-2-auto-astro-rslvr,,,,,,,,,,,,,,,,,,,,,,,,,https://hanborowatches.in/catalog/hbr-8821-2-auto-astro-rslvr-front.jpg,2,AstroSphere DualCore – Twin Tourbillon Timepiece (Steel Bracelet Rose Silver) - View 2,,,,,,,,,,,,,,,,,,,
hbr-8821-2-auto-astro-slvr,AstroSphere DualCore – Twin Tourbillon Timepiece (Steel Bracelet Pure Silver),"<p>AstroSphere DualCore – Twin Tourbillon Timepiece (Steel Bracelet Pure Silver)</p>
<h3>Specifications</h3>
<ul>
  <li><strong>Movement:</strong> Authentic Hanboro Automatic Mechanical Movement</li>
  <li><strong>Power Reserve:</strong> Approx. 42 Hours</li>
  <li><strong>Jewels:</strong> 21+ Jewels</li>
  <li><strong>Frequency:</strong> 21,600 VPH</li>
  <li><strong>Case Material:</strong> 316L Stainless Steel</li>
  <li><strong>Glass:</strong> Synthetic Sapphire Crystal</li>
  <li><strong>Case Diameter:</strong> 42mm</li>
  <li><strong>Water Resistance:</strong> 50M (5 ATM)</li>
  <li><strong>Strap:</strong> Fluororubber / Stainless Steel</li>
  <li><strong>Clasp:</strong> Butterfly Clasp / Tang Buckle</li>
  <li><strong>Warranty:</strong> 24 Months Official Manufacturer Warranty</li>
</ul>
<h3>Compliance & Care</h3>
<p><strong>Country of Origin:</strong> People’s Republic of China</p>
<p><strong>Manufacturer:</strong> Guangzhou Hengbaoluo Technology Co., Ltd.</p>
<p><strong>Importer / Packer:</strong> Rise N Be Original Lifestyle Pvt Ltd, Building No. 3, 4th Floor, Block M, DLF City Phase II, Road Number 5, Sector 25, Gurugram, Haryana 122008, India</p>",HANBORO,Apparel & Accessories > Jewelry > Watches,Luxury Automatic Watches,"HANBORO, Luxury Watches, Automatic, TOURBILLON, Twin Balance Wheel Steel Bracelet Edition, HBR-8821-2-AUTO-ASTRO-slvr, Model-8821-2, Skeleton",TRUE,Title,Default Title,,,,,HBR-8821-2-AUTO-ASTRO-slvr,250,shopify,1,continue,manual,33599,41999,TRUE,TRUE,HBR-8821-2-AUTO-ASTRO-slvr,https://hanborowatches.in/transparent/hbr-8821-2-auto-astro-slvr.webp,1,AstroSphere DualCore – Twin Tourbillon Timepiece (Steel Bracelet Pure Silver) - Reference HBR-8821-2-AUTO-ASTRO-slvr,FALSE,AstroSphere DualCore – Twin Tourbillon Timepiece (Steel Bracelet Pure Silver),AstroSphere DualCore – Twin Tourbillon Timepiece (Steel Bracelet Pure Silver),Apparel & Accessories > Jewelry > Watches,Unisex,Adult,HBR-8821-2-AUTO-ASTRO-slvr,new,FALSE,,,,,,https://hanborowatches.in/transparent/hbr-8821-2-auto-astro-slvr.webp,g,,,active
hbr-8821-2-auto-astro-slvr,,,,,,,,,,,,,,,,,,,,,,,,,https://hanborowatches.in/catalog/hbr-8821-2-auto-astro-slvr-front.jpg,2,AstroSphere DualCore – Twin Tourbillon Timepiece (Steel Bracelet Pure Silver) - View 2,,,,,,,,,,,,,,,,,,,
hbr-1001-2-auto-roulette-slv-red,Casino Series: Roulette Royale Automatic Watch (Silver & Monte Carlo Red),"<p>The Hanboro Roulette Royale – Red Gem Silver Edition is an exercise in controlled intensity. Inspired by the precision geometry of a classic roulette wheel, its dial is meticulously structured with concentric detailing and deep red crystal accents that create depth, balance, and visual rhythm.</p><p>The polished silver-toned case enhances the architectural clarity of the design, offering a sharper, more contemporary presence on the wrist. Beneath the sculpted dial, the automatic mechanical movement operates with quiet authority — a reminder that true luxury is engineered, not exaggerated.</p><p>Finished with a refined leather strap and balanced proportions, this timepiece is crafted for collectors who appreciate mechanical artistry with confidence.</p><p>Distinct. Composed. Intentional.</p>
<h3>Specifications</h3>
<ul>
  <li><strong>Movement:</strong> Automatic mechanical movement, Power Reserve: ~40 hours, Frequency 21600 times/hour, Stop second function, Automatic/manual winding</li>
  <li><strong>Power Reserve:</strong> 50 Hours</li>
  <li><strong>Jewels:</strong> 31 Synthetic Rubies & Micro Ceramic Ball Bearings</li>
  <li><strong>Frequency:</strong> 28,800 VPH (4.0 Hz)</li>
  <li><strong>Case Material:</strong> STAINLESS STEEL</li>
  <li><strong>Glass:</strong> SAPPHIRE CRYSTAL</li>
  <li><strong>Case Diameter:</strong> 45.5mm</li>
  <li><strong>Water Resistance:</strong> 50M (5 ATM)</li>
  <li><strong>Strap:</strong> LEATHER</li>
  <li><strong>Clasp:</strong> Push Button Hidden Clasp</li>
  <li><strong>Warranty:</strong> 24.0 Months Official Manufacturer Warranty</li>
</ul>
<h3>Compliance & Care</h3>
<p><strong>Country of Origin:</strong> People’s Republic of China</p>
<p><strong>Manufacturer:</strong> Guangzhou Hengbaoluo Technology Co., Ltd.</p>
<p><strong>Importer / Packer:</strong> Rise N Be Original Lifestyle Pvt Ltd, Building No. 3, 4th Floor, Block M, DLF City Phase II, Road Number 5, Sector 25, Gurugram, Haryana 122008, India</p>",HANBORO,Apparel & Accessories > Jewelry > Watches,Luxury Automatic Watches,"HANBORO, Luxury Watches, Automatic, ROULETTE, Casino Royale Baguette Gem-Set Edition, HBR-1001-2-AUTO-ROULETTE-SLV-RED, Model-1001-2, Skeleton",TRUE,Title,Default Title,,,,,HBR-1001-2-AUTO-ROULETTE-SLV-RED,250,shopify,8,continue,manual,42399,52999,TRUE,TRUE,HBR-1001-2-AUTO-ROULETTE-SLV-RED,https://hanborowatches.in/transparent/casino-roulette-wheel-silver-ruby-diamond.webp,1,Casino Series: Roulette Royale Automatic Watch (Silver & Monte Carlo Red) - Reference HBR-1001-2-AUTO-ROULETTE-SLV-RED,FALSE,Casino Series: Roulette Royale Automatic Watch (Silver & Monte Carlo Red),"A silver automatic timepiece inspired by roulette architecture, featuring deep red crystal detailing and refined mechanical precision.",Apparel & Accessories > Jewelry > Watches,Unisex,Adult,HBR-1001-2-AUTO-ROULETTE-SLV-RED,new,FALSE,,,,,,https://hanborowatches.in/transparent/casino-roulette-wheel-silver-ruby-diamond.webp,g,,,active
hbr-1001-2-auto-roulette-slv-red,,,,,,,,,,,,,,,,,,,,,,,,,https://hanborowatches.in/catalog/hbr-1001-2-auto-roulette-slv-red-view-1.png,2,Casino Series: Roulette Royale Automatic Watch (Silver & Monte Carlo Red) - View 2,,,,,,,,,,,,,,,,,,,
hbr-1001-2-auto-roulette-slv-red,,,,,,,,,,,,,,,,,,,,,,,,,https://hanborowatches.in/catalog/hbr-1001-2-auto-roulette-slv-red-view-2.jpg,3,Casino Series: Roulette Royale Automatic Watch (Silver & Monte Carlo Red) - View 3,,,,,,,,,,,,,,,,,,,
hbr-1001-2-auto-roulette-slv-red,,,,,,,,,,,,,,,,,,,,,,,,,https://hanborowatches.in/catalog/hbr-1001-2-auto-roulette-slv-red-view-3.jpg,4,Casino Series: Roulette Royale Automatic Watch (Silver & Monte Carlo Red) - View 4,,,,,,,,,,,,,,,,,,,
hbr-1001-2-auto-roulette-slv-red,,,,,,,,,,,,,,,,,,,,,,,,,https://hanborowatches.in/catalog/hbr-1001-2-auto-roulette-slv-red-front.jpg,5,Casino Series: Roulette Royale Automatic Watch (Silver & Monte Carlo Red) - View 5,,,,,,,,,,,,,,,,,,,
hbr-1001-2-auto-roulette-slv-blue,Casino Series: Roulette Royale Automatic Watch (Silver & Royale Blue),"<p>The Hanboro Roulette Royale – Blue Sapphire Silver Edition is a study in precision and architectural balance. Inspired by the geometry of a roulette wheel, the dial is meticulously structured with layered blue crystal elements that create depth, rhythm, and refined symmetry.</p><p>The polished silver-toned case sharpens the contrast, delivering a clean and contemporary presence on the wrist. Beneath the sculpted dial, the automatic mechanical movement operates with measured authority — visible, deliberate, and engineered for longevity.</p><p>Paired with a classic leather strap, this timepiece speaks to collectors who prefer composure over spectacle and design rooted in structure.</p><p>Calculated. Refined. Intentional.</p>
<h3>Specifications</h3>
<ul>
  <li><strong>Movement:</strong> Automatic mechanical movement, Power Reserve: ~40 hours, Frequency 21600 times/hour, Stop second function, Automatic/manual winding</li>
  <li><strong>Power Reserve:</strong> 48 Hours</li>
  <li><strong>Jewels:</strong> 25 Jewels</li>
  <li><strong>Frequency:</strong> 28,800 VPH (4.0 Hz)</li>
  <li><strong>Case Material:</strong> STAINLESS STEEL</li>
  <li><strong>Glass:</strong> SAPPHIRE CRYSTAL</li>
  <li><strong>Case Diameter:</strong> 45.5mm</li>
  <li><strong>Water Resistance:</strong> 50M (5 ATM)</li>
  <li><strong>Strap:</strong> LEATHER</li>
  <li><strong>Clasp:</strong> Push Button Hidden Clasp</li>
  <li><strong>Warranty:</strong> 24.0 Months Official Manufacturer Warranty</li>
</ul>
<h3>Compliance & Care</h3>
<p><strong>Country of Origin:</strong> People’s Republic of China</p>
<p><strong>Manufacturer:</strong> Guangzhou Hengbaoluo Technology Co., Ltd.</p>
<p><strong>Importer / Packer:</strong> Rise N Be Original Lifestyle Pvt Ltd, Building No. 3, 4th Floor, Block M, DLF City Phase II, Road Number 5, Sector 25, Gurugram, Haryana 122008, India</p>",HANBORO,Apparel & Accessories > Jewelry > Watches,Luxury Automatic Watches,"HANBORO, Luxury Watches, Automatic, ROULETTE, Casino Royale Baguette Gem-Set Edition, HBR-1001-2-AUTO-ROULETTE-SLV-BLUE, Model-1001-2, Skeleton",TRUE,Title,Default Title,,,,,HBR-1001-2-AUTO-ROULETTE-SLV-BLUE,250,shopify,8,continue,manual,42399,52999,TRUE,TRUE,HBR-1001-2-AUTO-ROULETTE-SLV-BLUE,https://hanborowatches.in/transparent/hbr-1001-2-auto-roulette-slv-blue.webp,1,Casino Series: Roulette Royale Automatic Watch (Silver & Royale Blue) - Reference HBR-1001-2-AUTO-ROULETTE-SLV-BLUE,FALSE,Casino Series: Roulette Royale Automatic Watch (Silver & Royale Blue),"A silver automatic watch inspired by roulette architecture, featuring a layered blue crystal dial and precise mechanical movement.",Apparel & Accessories > Jewelry > Watches,Unisex,Adult,HBR-1001-2-AUTO-ROULETTE-SLV-BLUE,new,FALSE,,,,,,https://hanborowatches.in/transparent/hbr-1001-2-auto-roulette-slv-blue.webp,g,,,active
hbr-1001-2-auto-roulette-slv-blue,,,,,,,,,,,,,,,,,,,,,,,,,https://hanborowatches.in/watch-blue-roulette.webp,2,Casino Series: Roulette Royale Automatic Watch (Silver & Royale Blue) - View 2,,,,,,,,,,,,,,,,,,,
hbr-1001-2-auto-roulette-slv-blue,,,,,,,,,,,,,,,,,,,,,,,,,https://hanborowatches.in/catalog/hbr-1001-2-auto-roulette-slv-blue-view-1.jpg,3,Casino Series: Roulette Royale Automatic Watch (Silver & Royale Blue) - View 3,,,,,,,,,,,,,,,,,,,
hbr-1001-2-auto-roulette-slv-blue,,,,,,,,,,,,,,,,,,,,,,,,,https://hanborowatches.in/catalog/hbr-1001-2-auto-roulette-slv-blue-view-2.jpg,4,Casino Series: Roulette Royale Automatic Watch (Silver & Royale Blue) - View 4,,,,,,,,,,,,,,,,,,,
hbr-1001-2-auto-roulette-slv-blue,,,,,,,,,,,,,,,,,,,,,,,,,https://hanborowatches.in/catalog/hbr-1001-2-auto-roulette-slv-blue-view-3.jpg,5,Casino Series: Roulette Royale Automatic Watch (Silver & Royale Blue) - View 5,,,,,,,,,,,,,,,,,,,
hbr-1001-2-auto-roulette-slv-blue,,,,,,,,,,,,,,,,,,,,,,,,,https://hanborowatches.in/catalog/hbr-1001-2-auto-roulette-slv-blue-front.jpg,6,Casino Series: Roulette Royale Automatic Watch (Silver & Royale Blue) - View 6,,,,,,,,,,,,,,,,,,,
hbr-1001-2-auto-roulette-slv-green,Casino Series: Roulette Royale Automatic Watch (Silver & Casino Green),"<p>The Hanboro Roulette Royale – Emerald Reserve Edition captures the sophistication of high-stakes precision. Inspired by the architectural geometry of a roulette wheel, its dial is layered with emerald-toned crystal detailing, creating remarkable depth and symmetry across every rotation.</p><p>Encased in polished silver-toned steel, the watch presents a sharp and commanding presence. The rich green dial paired with a matching leather strap evokes understated power — bold without excess.</p><p>Driven by an automatic mechanical movement, the piece reflects discipline beneath its dramatic exterior. Designed for collectors who understand that true luxury is measured in detail, balance, and control.</p><p>Not luck.<br/>Strategy.</p>
<h3>Specifications</h3>
<ul>
  <li><strong>Movement:</strong> Automatic mechanical movement, Power Reserve: ~40 hours, Frequency 21600 times/hour, Stop second function, Automatic/manual winding</li>
  <li><strong>Power Reserve:</strong> 50 Hours</li>
  <li><strong>Jewels:</strong> 31 Synthetic Rubies & Micro Ceramic Ball Bearings</li>
  <li><strong>Frequency:</strong> 28,800 VPH (4.0 Hz)</li>
  <li><strong>Case Material:</strong> STAINLESS STEEL</li>
  <li><strong>Glass:</strong> SAPPHIRE CRYSTAL</li>
  <li><strong>Case Diameter:</strong> 45.5mm</li>
  <li><strong>Water Resistance:</strong> 50M (5 ATM)</li>
  <li><strong>Strap:</strong> LEATHER</li>
  <li><strong>Clasp:</strong> Push Button Hidden Clasp</li>
  <li><strong>Warranty:</strong> 24.0 Months Official Manufacturer Warranty</li>
</ul>
<h3>Compliance & Care</h3>
<p><strong>Country of Origin:</strong> People’s Republic of China</p>
<p><strong>Manufacturer:</strong> Guangzhou Hengbaoluo Technology Co., Ltd.</p>
<p><strong>Importer / Packer:</strong> Rise N Be Original Lifestyle Pvt Ltd, Building No. 3, 4th Floor, Block M, DLF City Phase II, Road Number 5, Sector 25, Gurugram, Haryana 122008, India</p>",HANBORO,Apparel & Accessories > Jewelry > Watches,Luxury Automatic Watches,"HANBORO, Luxury Watches, Automatic, ROULETTE, Casino Royale Baguette Gem-Set Edition, HBR-1001-2-AUTO-ROULETTE-SLV-GREEN, Model-1001-2, Skeleton",TRUE,Title,Default Title,,,,,HBR-1001-2-AUTO-ROULETTE-SLV-GREEN,250,shopify,8,continue,manual,42399,52999,TRUE,TRUE,HBR-1001-2-AUTO-ROULETTE-SLV-GREEN,https://hanborowatches.in/transparent/casino-roulette-wheel-silver-diamond-emerald.webp,1,Casino Series: Roulette Royale Automatic Watch (Silver & Casino Green) - Reference HBR-1001-2-AUTO-ROULETTE-SLV-GREEN,FALSE,Casino Series: Roulette Royale Automatic Watch (Silver & Casino Green),"A silver automatic watch inspired by roulette architecture, featuring an emerald crystal dial and bold mechanical presence.",Apparel & Accessories > Jewelry > Watches,Unisex,Adult,HBR-1001-2-AUTO-ROULETTE-SLV-GREEN,new,FALSE,,,,,,https://hanborowatches.in/transparent/casino-roulette-wheel-silver-diamond-emerald.webp,g,,,active
hbr-1001-2-auto-roulette-slv-green,,,,,,,,,,,,,,,,,,,,,,,,,https://hanborowatches.in/catalog/hbr-1001-2-auto-roulette-slv-green-view-1.jpg,2,Casino Series: Roulette Royale Automatic Watch (Silver & Casino Green) - View 2,,,,,,,,,,,,,,,,,,,
hbr-1001-2-auto-roulette-slv-green,,,,,,,,,,,,,,,,,,,,,,,,,https://hanborowatches.in/catalog/hbr-1001-2-auto-roulette-slv-green-view-2.jpg,3,Casino Series: Roulette Royale Automatic Watch (Silver & Casino Green) - View 3,,,,,,,,,,,,,,,,,,,
hbr-1001-2-auto-roulette-slv-green,,,,,,,,,,,,,,,,,,,,,,,,,https://hanborowatches.in/catalog/hbr-1001-2-auto-roulette-slv-green-view-3.jpg,4,Casino Series: Roulette Royale Automatic Watch (Silver & Casino Green) - View 4,,,,,,,,,,,,,,,,,,,
hbr-1001-2-auto-roulette-slv-green,,,,,,,,,,,,,,,,,,,,,,,,,https://hanborowatches.in/catalog/hbr-1001-2-auto-roulette-slv-green-front.jpg,5,Casino Series: Roulette Royale Automatic Watch (Silver & Casino Green) - View 5,,,,,,,,,,,,,,,,,,,
hbr-902-auto-a200-black-silver,Hanboro A200 Reserve – Automatic Power Reserve Stainless Steel Watch (Black & Silver),"<p>The Hanboro A200 Reserve is a study in restrained power and modern mechanical precision. Designed for those who understand true horology, its deep black sunray dial creates a dramatic contrast against the polished stainless steel case and bracelet.</p><p>Powered by the original Hangzhou A200 automatic movement, it delivers reliable performance with a refined energy reserve display and small seconds complication — a quiet nod to traditional watchmaking mastery.</p><p>The sapphire crystal enhances clarity while protecting the minimalist dial architecture. With its balanced proportions and clean aesthetic, the A200 Reserve is a statement of sophistication — engineered for collectors who value precision, purity, and presence.</p>
<h3>Specifications</h3>
<ul>
  <li><strong>Movement:</strong> Hangzhou A200 automatic mechanical movement, Thickness: approx 5mm, Power Reserve: ~40 hours, Frequency 21600 times/hour, Stop second function, Automatic/manual winding</li>
  <li><strong>Power Reserve:</strong> 35 Hours (Top-Mounted Gauge)</li>
  <li><strong>Jewels:</strong> 22 Synthetic Rubies</li>
  <li><strong>Frequency:</strong> 21,600 VPH (3.0 Hz)</li>
  <li><strong>Case Material:</strong> STAINLESS STEEL</li>
  <li><strong>Glass:</strong> SAPPHIRE CRYSTAL</li>
  <li><strong>Case Diameter:</strong> 42mm</li>
  <li><strong>Water Resistance:</strong> 50M (5 ATM)</li>
  <li><strong>Strap:</strong> STAINLESS STEEL</li>
  <li><strong>Clasp:</strong> double-pressed butterfly clasp,</li>
  <li><strong>Warranty:</strong> 24.0 Months Official Manufacturer Warranty</li>
</ul>
<h3>Compliance & Care</h3>
<p><strong>Country of Origin:</strong> People’s Republic of China</p>
<p><strong>Manufacturer:</strong> Guangzhou Hengbaoluo Technology Co., Ltd.</p>
<p><strong>Importer / Packer:</strong> Rise N Be Original Lifestyle Pvt Ltd, Building No. 3, 4th Floor, Block M, DLF City Phase II, Road Number 5, Sector 25, Gurugram, Haryana 122008, India</p>",HANBORO,Apparel & Accessories > Jewelry > Watches,Luxury Automatic Watches,"HANBORO, Luxury Watches, Automatic, CLASSIC, Power Reserve Indicator Complication, HBR-902-AUTO-A200-BLACK-SILVER, Model-902, Skeleton",TRUE,Title,Default Title,,,,,HBR-902-AUTO-A200-BLACK-SILVER,250,shopify,8,continue,manual,18399,22999,TRUE,TRUE,HBR-902-AUTO-A200-BLACK-SILVER,https://hanborowatches.in/transparent/hbr-902-auto-a200-black-silver.webp,1,Hanboro A200 Reserve – Automatic Power Reserve Stainless Steel Watch (Black & Silver) - Reference HBR-902-AUTO-A200-BLACK-SILVER,FALSE,Hanboro A200 Reserve – Automatic Power Reserve Stainless Steel Watch (Black & Silver),"Minimalist automatic watch with power reserve indicator, black sunray dial, sapphire crystal, and stainless steel bracelet.",Apparel & Accessories > Jewelry > Watches,Unisex,Adult,HBR-902-AUTO-A200-BLACK-SILVER,new,FALSE,,,,,,https://hanborowatches.in/transparent/hbr-902-auto-a200-black-silver.webp,g,,,active
hbr-902-auto-a200-black-silver,,,,,,,,,,,,,,,,,,,,,,,,,https://hanborowatches.in/transparent/powerreserve-black.webp,2,Hanboro A200 Reserve – Automatic Power Reserve Stainless Steel Watch (Black & Silver) - View 2,,,,,,,,,,,,,,,,,,,
hbr-902-auto-a200-black-silver,,,,,,,,,,,,,,,,,,,,,,,,,https://hanborowatches.in/catalog/hbr-902-auto-a200-black-silver-view-1.jpg,3,Hanboro A200 Reserve – Automatic Power Reserve Stainless Steel Watch (Black & Silver) - View 3,,,,,,,,,,,,,,,,,,,
hbr-902-auto-a200-black-silver,,,,,,,,,,,,,,,,,,,,,,,,,https://hanborowatches.in/catalog/hbr-902-auto-a200-black-silver-view-2.jpg,4,Hanboro A200 Reserve – Automatic Power Reserve Stainless Steel Watch (Black & Silver) - View 4,,,,,,,,,,,,,,,,,,,
hbr-902-auto-a200-black-silver,,,,,,,,,,,,,,,,,,,,,,,,,https://hanborowatches.in/catalog/hbr-902-auto-a200-black-silver-view-3.jpg,5,Hanboro A200 Reserve – Automatic Power Reserve Stainless Steel Watch (Black & Silver) - View 5,,,,,,,,,,,,,,,,,,,
hbr-902-auto-a200-black-silver,,,,,,,,,,,,,,,,,,,,,,,,,https://hanborowatches.in/catalog/hbr-902-auto-a200-black-silver-front.jpg,6,Hanboro A200 Reserve – Automatic Power Reserve Stainless Steel Watch (Black & Silver) - View 6,,,,,,,,,,,,,,,,,,,
hbr-902-auto-a200-silver-rg,Hanboro A200 Reserve – Automatic Power Reserve Stainless Steel Watch (Silver & Rose Gold),"<p>The Hanboro A200 Reserve Two-Tone Edition blends contemporary minimalism with timeless elegance. Framed in a refined rose gold bezel and paired with a polished stainless steel bracelet, this timepiece speaks to those who appreciate subtle luxury.</p><p>Its silver sunray dial reflects light with quiet brilliance, complemented by striking blue hands and a refined power reserve display. Powered by the original Hangzhou A200 automatic movement, it offers mechanical precision with a smooth 40-hour reserve.</p><p>Protected by sapphire crystal and finished with a transparent caseback, the A200 Reserve is a statement of confidence — designed for professionals who value craftsmanship over noise and precision over excess.</p>
<h3>Specifications</h3>
<ul>
  <li><strong>Movement:</strong> Hangzhou A200 automatic mechanical movement, Thickness: approx 5mm, Power Reserve: ~40 hours, Frequency 21600 times/hour, Stop second function, Automatic/manual winding</li>
  <li><strong>Power Reserve:</strong> 35 Hours (Top-Mounted Gauge)</li>
  <li><strong>Jewels:</strong> 22 Synthetic Rubies</li>
  <li><strong>Frequency:</strong> 21,600 VPH (3.0 Hz)</li>
  <li><strong>Case Material:</strong> STAINLESS STEEL</li>
  <li><strong>Glass:</strong> SAPPHIRE CRYSTAL</li>
  <li><strong>Case Diameter:</strong> 42mm</li>
  <li><strong>Water Resistance:</strong> 50M (5 ATM)</li>
  <li><strong>Strap:</strong> STAINLESS STEEL</li>
  <li><strong>Clasp:</strong> double-pressed butterfly clasp,</li>
  <li><strong>Warranty:</strong> 24.0 Months Official Manufacturer Warranty</li>
</ul>
<h3>Compliance & Care</h3>
<p><strong>Country of Origin:</strong> People’s Republic of China</p>
<p><strong>Manufacturer:</strong> Guangzhou Hengbaoluo Technology Co., Ltd.</p>
<p><strong>Importer / Packer:</strong> Rise N Be Original Lifestyle Pvt Ltd, Building No. 3, 4th Floor, Block M, DLF City Phase II, Road Number 5, Sector 25, Gurugram, Haryana 122008, India</p>",HANBORO,Apparel & Accessories > Jewelry > Watches,Luxury Automatic Watches,"HANBORO, Luxury Watches, Automatic, CLASSIC, Power Reserve Indicator Complication, HBR-902-AUTO-A200-SILVER-RG, Model-902, Skeleton",TRUE,Title,Default Title,,,,,HBR-902-AUTO-A200-SILVER-RG,250,shopify,8,continue,manual,18399,22999,TRUE,TRUE,HBR-902-AUTO-A200-SILVER-RG,https://hanborowatches.in/transparent/hbr-902-auto-a200-silver-rg.webp,1,Hanboro A200 Reserve – Automatic Power Reserve Stainless Steel Watch (Silver & Rose Gold) - Reference HBR-902-AUTO-A200-SILVER-RG,FALSE,Hanboro A200 Reserve – Automatic Power Reserve Stainless Steel Watch (Silver & Rose Gold),"Two-tone automatic watch with power reserve display, sapphire crystal, and stainless steel bracelet.",Apparel & Accessories > Jewelry > Watches,Unisex,Adult,HBR-902-AUTO-A200-SILVER-RG,new,FALSE,,,,,,https://hanborowatches.in/transparent/hbr-902-auto-a200-silver-rg.webp,g,,,active
hbr-902-auto-a200-silver-rg,,,,,,,,,,,,,,,,,,,,,,,,,https://hanborowatches.in/watch-powerreserve-midnight-front-transparent.webp,2,Hanboro A200 Reserve – Automatic Power Reserve Stainless Steel Watch (Silver & Rose Gold) - View 2,,,,,,,,,,,,,,,,,,,
hbr-902-auto-a200-silver-rg,,,,,,,,,,,,,,,,,,,,,,,,,https://hanborowatches.in/catalog/hbr-902-auto-a200-silver-rg-view-1.jpg,3,Hanboro A200 Reserve – Automatic Power Reserve Stainless Steel Watch (Silver & Rose Gold) - View 3,,,,,,,,,,,,,,,,,,,
hbr-902-auto-a200-silver-rg,,,,,,,,,,,,,,,,,,,,,,,,,https://hanborowatches.in/catalog/hbr-902-auto-a200-silver-rg-view-2.jpg,4,Hanboro A200 Reserve – Automatic Power Reserve Stainless Steel Watch (Silver & Rose Gold) - View 4,,,,,,,,,,,,,,,,,,,
hbr-902-auto-a200-silver-rg,,,,,,,,,,,,,,,,,,,,,,,,,https://hanborowatches.in/catalog/hbr-902-auto-a200-silver-rg-view-3.jpg,5,Hanboro A200 Reserve – Automatic Power Reserve Stainless Steel Watch (Silver & Rose Gold) - View 5,,,,,,,,,,,,,,,,,,,
hbr-902-auto-a200-silver-rg,,,,,,,,,,,,,,,,,,,,,,,,,https://hanborowatches.in/catalog/hbr-902-auto-a200-silver-rg-front.jpg,6,Hanboro A200 Reserve – Automatic Power Reserve Stainless Steel Watch (Silver & Rose Gold) - View 6,,,,,,,,,,,,,,,,,,,
hbr-902-auto-a200-black,Hanboro A200 Reserve – Automatic Power Reserve Stainless Steel Watch (Full Stealth Black),"<p>The Hanboro A200 Reserve Black Edition is engineered for those who command presence without saying a word. Encased in deep black stainless steel with a matching bracelet, this timepiece embodies modern stealth luxury.</p><p>The monochrome sunray dial enhances the bold aesthetic, while the refined power reserve display and small seconds complication reflect true mechanical craftsmanship. Powered by the Hangzhou A200 automatic movement, it delivers precision with a 40-hour reserve.</p><p>Protected by sapphire crystal and finished with a transparent caseback, the A200 Black Edition is not just a watch — it is authority on the wrist. Designed for leaders who prefer confidence over flash.</p>
<h3>Specifications</h3>
<ul>
  <li><strong>Movement:</strong> Hangzhou A200 automatic mechanical movement, Thickness: approx 5mm, Power Reserve: ~40 hours, Frequency 21600 times/hour, Stop second function, Automatic/manual winding</li>
  <li><strong>Power Reserve:</strong> 35 Hours (Top-Mounted Gauge)</li>
  <li><strong>Jewels:</strong> 22 Synthetic Rubies</li>
  <li><strong>Frequency:</strong> 21,600 VPH (3.0 Hz)</li>
  <li><strong>Case Material:</strong> STAINLESS STEEL</li>
  <li><strong>Glass:</strong> SAPPHIRE CRYSTAL</li>
  <li><strong>Case Diameter:</strong> 42mm</li>
  <li><strong>Water Resistance:</strong> 50M (5 ATM)</li>
  <li><strong>Strap:</strong> STAINLESS STEEL</li>
  <li><strong>Clasp:</strong> double-pressed butterfly clasp,</li>
  <li><strong>Warranty:</strong> 24.0 Months Official Manufacturer Warranty</li>
</ul>
<h3>Compliance & Care</h3>
<p><strong>Country of Origin:</strong> People’s Republic of China</p>
<p><strong>Manufacturer:</strong> Guangzhou Hengbaoluo Technology Co., Ltd.</p>
<p><strong>Importer / Packer:</strong> Rise N Be Original Lifestyle Pvt Ltd, Building No. 3, 4th Floor, Block M, DLF City Phase II, Road Number 5, Sector 25, Gurugram, Haryana 122008, India</p>",HANBORO,Apparel & Accessories > Jewelry > Watches,Luxury Automatic Watches,"HANBORO, Luxury Watches, Automatic, CLASSIC, Power Reserve Indicator Complication, HBR-902-AUTO-A200-BLACK, Model-902, Skeleton",TRUE,Title,Default Title,,,,,HBR-902-AUTO-A200-BLACK,250,shopify,8,continue,manual,18399,22999,TRUE,TRUE,HBR-902-AUTO-A200-BLACK,https://hanborowatches.in/transparent/hbr-902-auto-a200-black-silver.webp,1,Hanboro A200 Reserve – Automatic Power Reserve Stainless Steel Watch (Full Stealth Black) - Reference HBR-902-AUTO-A200-BLACK,FALSE,Hanboro A200 Reserve – Automatic Power Reserve Stainless Steel Watch (Full Stealth Black),"All-black automatic watch with power reserve indicator, sapphire crystal, and stainless steel bracelet.",Apparel & Accessories > Jewelry > Watches,Unisex,Adult,HBR-902-AUTO-A200-BLACK,new,FALSE,,,,,,https://hanborowatches.in/transparent/hbr-902-auto-a200-black-silver.webp,g,,,active
hbr-902-auto-a200-black,,,,,,,,,,,,,,,,,,,,,,,,,https://hanborowatches.in/transparent/powerreserve-black.webp,2,Hanboro A200 Reserve – Automatic Power Reserve Stainless Steel Watch (Full Stealth Black) - View 2,,,,,,,,,,,,,,,,,,,
hbr-902-auto-a200-black,,,,,,,,,,,,,,,,,,,,,,,,,https://hanborowatches.in/watch-powerreserve-midnight-front-transparent.webp,3,Hanboro A200 Reserve – Automatic Power Reserve Stainless Steel Watch (Full Stealth Black) - View 3,,,,,,,,,,,,,,,,,,,
hbr-902-auto-a200-black,,,,,,,,,,,,,,,,,,,,,,,,,https://hanborowatches.in/watch-powerreserve-midnight-bronze.webp,4,Hanboro A200 Reserve – Automatic Power Reserve Stainless Steel Watch (Full Stealth Black) - View 4,,,,,,,,,,,,,,,,,,,
hbr-902-auto-a200-black,,,,,,,,,,,,,,,,,,,,,,,,,https://hanborowatches.in/watch-powerreserve-midnight-dark.webp,5,Hanboro A200 Reserve – Automatic Power Reserve Stainless Steel Watch (Full Stealth Black) - View 5,,,,,,,,,,,,,,,,,,,
hbr-902-auto-a200-black,,,,,,,,,,,,,,,,,,,,,,,,,https://hanborowatches.in/watch-powerreserve-midnight-wrist.webp,6,Hanboro A200 Reserve – Automatic Power Reserve Stainless Steel Watch (Full Stealth Black) - View 6,,,,,,,,,,,,,,,,,,,
hbr-902-auto-a200-black,,,,,,,,,,,,,,,,,,,,,,,,,https://hanborowatches.in/catalog/hbr-902-auto-a200-black-front.jpg,7,Hanboro A200 Reserve – Automatic Power Reserve Stainless Steel Watch (Full Stealth Black) - View 7,,,,,,,,,,,,,,,,,,,
hbr-902-auto-a200-black,,,,,,,,,,,,,,,,,,,,,,,,,https://hanborowatches.in/catalog/hbr-902-auto-a200-black-silver-front.jpg,8,Hanboro A200 Reserve – Automatic Power Reserve Stainless Steel Watch (Full Stealth Black) - View 8,,,,,,,,,,,,,,,,,,,
hbr-902-auto-a200-black,,,,,,,,,,,,,,,,,,,,,,,,,https://hanborowatches.in/catalog/hbr-902-auto-a200-black-silver-view-1.jpg,9,Hanboro A200 Reserve – Automatic Power Reserve Stainless Steel Watch (Full Stealth Black) - View 9,,,,,,,,,,,,,,,,,,,
hbr-902-auto-a200-black,,,,,,,,,,,,,,,,,,,,,,,,,https://hanborowatches.in/catalog/hbr-902-auto-a200-black-silver-view-2.jpg,10,Hanboro A200 Reserve – Automatic Power Reserve Stainless Steel Watch (Full Stealth Black) - View 10,,,,,,,,,,,,,,,,,,,
hbr-902-auto-a200-black,,,,,,,,,,,,,,,,,,,,,,,,,https://hanborowatches.in/catalog/hbr-902-auto-a200-black-silver-view-3.jpg,11,Hanboro A200 Reserve – Automatic Power Reserve Stainless Steel Watch (Full Stealth Black) - View 11,,,,,,,,,,,,,,,,,,,
hbr-824-2-auto-blue-rg,Hanboro Meridian – Octagonal Day-Date Automatic Watch (Ocean Blue & Rose Gold),"<p>The Hanboro Meridian is a bold expression of architectural luxury and mechanical mastery. Crafted from 304 fine steel using precision diamond-knife angle finishing, the octagonal case is elevated with 56 square-cut crystals — delivering brilliance without compromising strength.</p><p>At its heart beats the original Shanghai JHS17 multifunction automatic movement, offering 40 hours of power reserve and refined timekeeping precision. The dial showcases a complete complication layout — date, day, small seconds, and celestial sun-moon display — all enhanced with luminous markers for powerful night visibility.</p><p>Protected by sapphire crystal and water resistant up to 100 meters, the Meridian is built for those who demand elegance with endurance.</p><p>A timepiece of structure. Brilliance. Authority.</p>
<h3>Specifications</h3>
<ul>
  <li><strong>Movement:</strong> Shanghai JHS17 multifunction automatic movement, Power Reserve: 40 hours, Frequency 21600 times/hour, Stop second function, Automatic/manual winding</li>
  <li><strong>Power Reserve:</strong> 44 Hours</li>
  <li><strong>Jewels:</strong> 24 Jewels</li>
  <li><strong>Frequency:</strong> 28,800 VPH (4.0 Hz)</li>
  <li><strong>Case Material:</strong> STAINLESS STEEL</li>
  <li><strong>Glass:</strong> SAPPHIRE CRYSTAL</li>
  <li><strong>Case Diameter:</strong> 38mm</li>
  <li><strong>Water Resistance:</strong> 50M (5 ATM)</li>
  <li><strong>Strap:</strong> STAINLESS STEEL</li>
  <li><strong>Clasp:</strong> double-pressed butterfly clasp,</li>
  <li><strong>Warranty:</strong> 24.0 Months Official Manufacturer Warranty</li>
</ul>
<h3>Compliance & Care</h3>
<p><strong>Country of Origin:</strong> People’s Republic of China</p>
<p><strong>Manufacturer:</strong> Guangzhou Hengbaoluo Technology Co., Ltd.</p>
<p><strong>Importer / Packer:</strong> Rise N Be Original Lifestyle Pvt Ltd, Building No. 3, 4th Floor, Block M, DLF City Phase II, Road Number 5, Sector 25, Gurugram, Haryana 122008, India</p>",HANBORO,Apparel & Accessories > Jewelry > Watches,Luxury Automatic Watches,"HANBORO, Luxury Watches, Automatic, OCTAGONAL, Octagonal Day-Date Automatic, HBR-824-2-AUTO-BLUE-RG, Model-824-2, Skeleton",TRUE,Title,Default Title,,,,,HBR-824-2-AUTO-BLUE-RG,250,shopify,8,continue,manual,27999,34999,TRUE,TRUE,HBR-824-2-AUTO-BLUE-RG,https://hanborowatches.in/transparent/octagonal-blue.webp,1,Hanboro Meridian – Octagonal Day-Date Automatic Watch (Ocean Blue & Rose Gold) - Reference HBR-824-2-AUTO-BLUE-RG,FALSE,Hanboro Meridian – Octagonal Day-Date Automatic Watch (Ocean Blue & Rose Gold),"Octagonal diamond-set automatic watch with day-date, small seconds, sun-moon display and 100m water resistance.",Apparel & Accessories > Jewelry > Watches,Unisex,Adult,HBR-824-2-AUTO-BLUE-RG,new,FALSE,,,,,,https://hanborowatches.in/transparent/octagonal-blue.webp,g,,,active
hbr-824-2-auto-blue-rg,,,,,,,,,,,,,,,,,,,,,,,,,https://hanborowatches.in/catalog/hbr-824-2-auto-blue-rg-view-1.jpg,2,Hanboro Meridian – Octagonal Day-Date Automatic Watch (Ocean Blue & Rose Gold) - View 2,,,,,,,,,,,,,,,,,,,
hbr-824-2-auto-blue-rg,,,,,,,,,,,,,,,,,,,,,,,,,https://hanborowatches.in/catalog/hbr-824-2-auto-blue-rg-view-2.jpg,3,Hanboro Meridian – Octagonal Day-Date Automatic Watch (Ocean Blue & Rose Gold) - View 3,,,,,,,,,,,,,,,,,,,
hbr-824-2-auto-blue-rg,,,,,,,,,,,,,,,,,,,,,,,,,https://hanborowatches.in/catalog/hbr-824-2-auto-blue-rg-view-3.jpg,4,Hanboro Meridian – Octagonal Day-Date Automatic Watch (Ocean Blue & Rose Gold) - View 4,,,,,,,,,,,,,,,,,,,
hbr-824-2-auto-blue-rg,,,,,,,,,,,,,,,,,,,,,,,,,https://hanborowatches.in/catalog/hbr-824-2-auto-blue-rg-view-4.jpg,5,Hanboro Meridian – Octagonal Day-Date Automatic Watch (Ocean Blue & Rose Gold) - View 5,,,,,,,,,,,,,,,,,,,
hbr-824-2-auto-blue-rg,,,,,,,,,,,,,,,,,,,,,,,,,https://hanborowatches.in/catalog/hbr-824-2-auto-blue-rg-front.jpg,6,Hanboro Meridian – Octagonal Day-Date Automatic Watch (Ocean Blue & Rose Gold) - View 6,,,,,,,,,,,,,,,,,,,
hbr-824-2-auto-brown-rg,Hanboro Meridian – Octagonal Day-Date Automatic Watch (Espresso Brown & Rose Gold),"<p>The Hanboro Meridian is a bold expression of architectural luxury and mechanical mastery. Crafted from 304 fine steel using precision diamond-knife angle finishing, the octagonal case is elevated with 56 square-cut crystals — delivering brilliance without compromising strength.</p>
<h3>Specifications</h3>
<ul>
  <li><strong>Movement:</strong> Shanghai JHS17 multifunction automatic movement, Power Reserve: 40 hours, Frequency 21600 times/hour, Stop second function, Automatic/manual winding</li>
  <li><strong>Power Reserve:</strong> 48 Hours</li>
  <li><strong>Jewels:</strong> 28 Synthetic Rubies & Precision Ball Bearings</li>
  <li><strong>Frequency:</strong> 28,800 VPH (4.0 Hz)</li>
  <li><strong>Case Material:</strong> STAINLESS STEEL</li>
  <li><strong>Glass:</strong> SAPPHIRE CRYSTAL</li>
  <li><strong>Case Diameter:</strong> 38mm</li>
  <li><strong>Water Resistance:</strong> 50M (5 ATM)</li>
  <li><strong>Strap:</strong> STAINLESS STEEL</li>
  <li><strong>Clasp:</strong> double-pressed butterfly clasp,</li>
  <li><strong>Warranty:</strong> 24.0 Months Official Manufacturer Warranty</li>
</ul>
<h3>Compliance & Care</h3>
<p><strong>Country of Origin:</strong> People’s Republic of China</p>
<p><strong>Manufacturer:</strong> Guangzhou Hengbaoluo Technology Co., Ltd.</p>
<p><strong>Importer / Packer:</strong> Rise N Be Original Lifestyle Pvt Ltd, Building No. 3, 4th Floor, Block M, DLF City Phase II, Road Number 5, Sector 25, Gurugram, Haryana 122008, India</p>",HANBORO,Apparel & Accessories > Jewelry > Watches,Luxury Automatic Watches,"HANBORO, Luxury Watches, Automatic, OCTAGONAL, Octagonal Day-Date Automatic, HBR-824-2-AUTO-BROWN-RG, Model-824-2, Skeleton",TRUE,Title,Default Title,,,,,HBR-824-2-AUTO-BROWN-RG,250,shopify,8,continue,manual,27999,34999,TRUE,TRUE,HBR-824-2-AUTO-BROWN-RG,https://hanborowatches.in/transparent/octagonal-diamond-bronze.webp,1,Hanboro Meridian – Octagonal Day-Date Automatic Watch (Espresso Brown & Rose Gold) - Reference HBR-824-2-AUTO-BROWN-RG,FALSE,Hanboro Meridian – Octagonal Day-Date Automatic Watch (Espresso Brown & Rose Gold),"Octagonal diamond-set automatic watch with day-date, small seconds, sun-moon display and 100m water resistance.",Apparel & Accessories > Jewelry > Watches,Unisex,Adult,HBR-824-2-AUTO-BROWN-RG,new,FALSE,,,,,,https://hanborowatches.in/transparent/octagonal-diamond-bronze.webp,g,,,active
hbr-824-2-auto-brown-rg,,,,,,,,,,,,,,,,,,,,,,,,,https://hanborowatches.in/catalog/hbr-824-2-auto-brown-rg-view-1.jpg,2,Hanboro Meridian – Octagonal Day-Date Automatic Watch (Espresso Brown & Rose Gold) - View 2,,,,,,,,,,,,,,,,,,,
hbr-824-2-auto-brown-rg,,,,,,,,,,,,,,,,,,,,,,,,,https://hanborowatches.in/catalog/hbr-824-2-auto-brown-rg-view-2.jpg,3,Hanboro Meridian – Octagonal Day-Date Automatic Watch (Espresso Brown & Rose Gold) - View 3,,,,,,,,,,,,,,,,,,,
hbr-824-2-auto-brown-rg,,,,,,,,,,,,,,,,,,,,,,,,,https://hanborowatches.in/catalog/hbr-824-2-auto-brown-rg-view-3.jpg,4,Hanboro Meridian – Octagonal Day-Date Automatic Watch (Espresso Brown & Rose Gold) - View 4,,,,,,,,,,,,,,,,,,,
hbr-824-2-auto-brown-rg,,,,,,,,,,,,,,,,,,,,,,,,,https://hanborowatches.in/catalog/hbr-824-2-auto-brown-rg-view-4.jpg,5,Hanboro Meridian – Octagonal Day-Date Automatic Watch (Espresso Brown & Rose Gold) - View 5,,,,,,,,,,,,,,,,,,,
hbr-824-2-auto-brown-rg,,,,,,,,,,,,,,,,,,,,,,,,,https://hanborowatches.in/catalog/hbr-824-2-auto-brown-rg-front.jpg,6,Hanboro Meridian – Octagonal Day-Date Automatic Watch (Espresso Brown & Rose Gold) - View 6,,,,,,,,,,,,,,,,,,,
hbr-824-2-auto-green-silver,Hanboro Meridian – Octagonal Day-Date Automatic Watch (Emerald Green & Silver),"<p>The Hanboro Meridian is a bold expression of architectural luxury and mechanical mastery. Crafted from 304 fine steel using precision diamond-knife angle finishing, the octagonal case is elevated with 56 square-cut crystals — delivering brilliance without compromising strength.</p>
<h3>Specifications</h3>
<ul>
  <li><strong>Movement:</strong> Shanghai JHS17 multifunction automatic movement, Power Reserve: 40 hours, Frequency 21600 times/hour, Stop second function, Automatic/manual winding</li>
  <li><strong>Power Reserve:</strong> 48 Hours</li>
  <li><strong>Jewels:</strong> 28 Synthetic Rubies & Precision Ball Bearings</li>
  <li><strong>Frequency:</strong> 28,800 VPH (4.0 Hz)</li>
  <li><strong>Case Material:</strong> STAINLESS STEEL</li>
  <li><strong>Glass:</strong> SAPPHIRE CRYSTAL</li>
  <li><strong>Case Diameter:</strong> 38mm</li>
  <li><strong>Water Resistance:</strong> 50M (5 ATM)</li>
  <li><strong>Strap:</strong> STAINLESS STEEL</li>
  <li><strong>Clasp:</strong> double-pressed butterfly clasp,</li>
  <li><strong>Warranty:</strong> 24.0 Months Official Manufacturer Warranty</li>
</ul>
<h3>Compliance & Care</h3>
<p><strong>Country of Origin:</strong> People’s Republic of China</p>
<p><strong>Manufacturer:</strong> Guangzhou Hengbaoluo Technology Co., Ltd.</p>
<p><strong>Importer / Packer:</strong> Rise N Be Original Lifestyle Pvt Ltd, Building No. 3, 4th Floor, Block M, DLF City Phase II, Road Number 5, Sector 25, Gurugram, Haryana 122008, India</p>",HANBORO,Apparel & Accessories > Jewelry > Watches,Luxury Automatic Watches,"HANBORO, Luxury Watches, Automatic, OCTAGONAL, Octagonal Day-Date Automatic, HBR-824-2-AUTO-GREEN-SILVER, Model-824-2, Skeleton",TRUE,Title,Default Title,,,,,HBR-824-2-AUTO-GREEN-SILVER,250,shopify,8,continue,manual,27999,34999,TRUE,TRUE,HBR-824-2-AUTO-GREEN-SILVER,https://hanborowatches.in/transparent/octagonal-diamond-emerald.webp,1,Hanboro Meridian – Octagonal Day-Date Automatic Watch (Emerald Green & Silver) - Reference HBR-824-2-AUTO-GREEN-SILVER,FALSE,Hanboro Meridian – Octagonal Day-Date Automatic Watch (Emerald Green & Silver),"Octagonal diamond-set automatic watch with day-date, small seconds, sun-moon display and 100m water resistance.",Apparel & Accessories > Jewelry > Watches,Unisex,Adult,HBR-824-2-AUTO-GREEN-SILVER,new,FALSE,,,,,,https://hanborowatches.in/transparent/octagonal-diamond-emerald.webp,g,,,active
hbr-824-2-auto-green-silver,,,,,,,,,,,,,,,,,,,,,,,,,https://hanborowatches.in/catalog/hbr-824-2-auto-green-silver-view-1.jpg,2,Hanboro Meridian – Octagonal Day-Date Automatic Watch (Emerald Green & Silver) - View 2,,,,,,,,,,,,,,,,,,,
hbr-824-2-auto-green-silver,,,,,,,,,,,,,,,,,,,,,,,,,https://hanborowatches.in/catalog/hbr-824-2-auto-green-silver-view-2.jpg,3,Hanboro Meridian – Octagonal Day-Date Automatic Watch (Emerald Green & Silver) - View 3,,,,,,,,,,,,,,,,,,,
hbr-824-2-auto-green-silver,,,,,,,,,,,,,,,,,,,,,,,,,https://hanborowatches.in/catalog/hbr-824-2-auto-green-silver-view-3.jpg,4,Hanboro Meridian – Octagonal Day-Date Automatic Watch (Emerald Green & Silver) - View 4,,,,,,,,,,,,,,,,,,,
hbr-824-2-auto-green-silver,,,,,,,,,,,,,,,,,,,,,,,,,https://hanborowatches.in/catalog/hbr-824-2-auto-green-silver-view-4.jpg,5,Hanboro Meridian – Octagonal Day-Date Automatic Watch (Emerald Green & Silver) - View 5,,,,,,,,,,,,,,,,,,,
hbr-824-2-auto-green-silver,,,,,,,,,,,,,,,,,,,,,,,,,https://hanborowatches.in/catalog/hbr-824-2-auto-green-silver-front.jpg,6,Hanboro Meridian – Octagonal Day-Date Automatic Watch (Emerald Green & Silver) - View 6,,,,,,,,,,,,,,,,,,,
hbr-1309-auto-purple,Hanboro OceanStrike Purple Abyss – 100M Steel Diver Chronograph,"<p>The OceanStrike “Purple Abyss” is designed for those who move differently. Its deep violet gradient dial shifts from shadow to brilliance under light, creating a rare and commanding presence.</p><p>Inside, the Shanghai JHS08 automatic movement delivers precision with a 40-hour reserve and full calendar functionality. The skeletonized tourbillon window exposes the mechanical core, enhanced by luminous markers for bold night visibility.</p><p>With 100M water resistance and a ceramic rotating bezel, Purple Abyss merges technical diving capability with avant-garde luxury.</p>
<h3>Specifications</h3>
<ul>
  <li><strong>Movement:</strong> Quartz multifunction chronograph movement, 100M water resistance, Stainless steel case</li>
  <li><strong>Power Reserve:</strong> Long-life Energy Cell (3-Year Continuous Sweep)</li>
  <li><strong>Jewels:</strong> Multi-Jeweled Precision Chrono Module</li>
  <li><strong>Frequency:</strong> High-Beat Smooth Sweep (32,768 Hz / Precision Column-Wheel Action)</li>
  <li><strong>Case Material:</strong> STAINLESS STEEL</li>
  <li><strong>Glass:</strong> SAPPHIRE CRYSTAL</li>
  <li><strong>Case Diameter:</strong> 42mm</li>
  <li><strong>Water Resistance:</strong> 100M (10 ATM)</li>
  <li><strong>Strap:</strong> STAINLESS STEEL</li>
  <li><strong>Clasp:</strong> double-pressed butterfly clasp,</li>
  <li><strong>Warranty:</strong> 24.0 Months Official Manufacturer Warranty</li>
</ul>
<h3>Compliance & Care</h3>
<p><strong>Country of Origin:</strong> People’s Republic of China</p>
<p><strong>Manufacturer:</strong> Guangzhou Hengbaoluo Technology Co., Ltd.</p>
<p><strong>Importer / Packer:</strong> Rise N Be Original Lifestyle Pvt Ltd, Building No. 3, 4th Floor, Block M, DLF City Phase II, Road Number 5, Sector 25, Gurugram, Haryana 122008, India</p>",HANBORO,Apparel & Accessories > Jewelry > Watches,Luxury Automatic Watches,"HANBORO, Luxury Watches, Automatic, DIVER_SPORT, 100M Steel Diver Chronograph, HBR-1309-AUTO-PURPLE, Model-1309, Skeleton",TRUE,Title,Default Title,,,,,HBR-1309-AUTO-PURPLE,250,shopify,8,continue,manual,19999,24999,TRUE,TRUE,HBR-1309-AUTO-PURPLE,https://hanborowatches.in/transparent/purple-chrono.webp,1,Hanboro OceanStrike Purple Abyss – 100M Steel Diver Chronograph - Reference HBR-1309-AUTO-PURPLE,FALSE,Hanboro OceanStrike Purple Abyss – 100M Steel Diver Chronograph,Purple gradient automatic sports watch with calendar functions and 100M waterproof performance.,Apparel & Accessories > Jewelry > Watches,Unisex,Adult,HBR-1309-AUTO-PURPLE,new,FALSE,,,,,,https://hanborowatches.in/transparent/purple-chrono.webp,g,,,active
hbr-1309-auto-purple,,,,,,,,,,,,,,,,,,,,,,,,,https://hanborowatches.in/catalog/hbr-1309-auto-purple-view-1.png,2,Hanboro OceanStrike Purple Abyss – 100M Steel Diver Chronograph - View 2,,,,,,,,,,,,,,,,,,,
hbr-1309-auto-purple,,,,,,,,,,,,,,,,,,,,,,,,,https://hanborowatches.in/catalog/hbr-1309-auto-purple-view-2.jpg,3,Hanboro OceanStrike Purple Abyss – 100M Steel Diver Chronograph - View 3,,,,,,,,,,,,,,,,,,,
hbr-1309-auto-purple,,,,,,,,,,,,,,,,,,,,,,,,,https://hanborowatches.in/catalog/hbr-1309-auto-purple-view-3.jpg,4,Hanboro OceanStrike Purple Abyss – 100M Steel Diver Chronograph - View 4,,,,,,,,,,,,,,,,,,,
hbr-1309-auto-purple,,,,,,,,,,,,,,,,,,,,,,,,,https://hanborowatches.in/catalog/hbr-1309-auto-purple-front.jpg,5,Hanboro OceanStrike Purple Abyss – 100M Steel Diver Chronograph - View 5,,,,,,,,,,,,,,,,,,,
hbr-1309-auto-blue,Hanboro OceanStrike Lagoon Surge – Steel 100M Diver Chronograph,"<p>The OceanStrike “Lagoon Surge” channels coastal sophistication with its cool teal gradient dial. Elegant yet powerful, the dial houses a complete multifunction complication layout with luminous clarity for day or night readability.</p><p>Driven by the Shanghai JHS08 automatic movement, it offers a 40-hour power reserve and visible tourbillon architecture beneath sapphire crystal. The unidirectional ceramic bezel reinforces its diver heritage.</p><p>Balanced, refined, and engineered for performance, Lagoon Surge is luxury engineered for motion.</p>
<h3>Specifications</h3>
<ul>
  <li><strong>Movement:</strong> Quartz multifunction chronograph movement, 100M water resistance, Stainless steel case</li>
  <li><strong>Power Reserve:</strong> 45 Hours</li>
  <li><strong>Jewels:</strong> 27 Synthetic Rubies</li>
  <li><strong>Frequency:</strong> 28,800 VPH (4.0 Hz)</li>
  <li><strong>Case Material:</strong> STAINLESS STEEL</li>
  <li><strong>Glass:</strong> SAPPHIRE CRYSTAL</li>
  <li><strong>Case Diameter:</strong> 42mm</li>
  <li><strong>Water Resistance:</strong> 100M (10 ATM)</li>
  <li><strong>Strap:</strong> STAINLESS STEEL</li>
  <li><strong>Clasp:</strong> double-pressed butterfly clasp,</li>
  <li><strong>Warranty:</strong> 24.0 Months Official Manufacturer Warranty</li>
</ul>
<h3>Compliance & Care</h3>
<p><strong>Country of Origin:</strong> People’s Republic of China</p>
<p><strong>Manufacturer:</strong> Guangzhou Hengbaoluo Technology Co., Ltd.</p>
<p><strong>Importer / Packer:</strong> Rise N Be Original Lifestyle Pvt Ltd, Building No. 3, 4th Floor, Block M, DLF City Phase II, Road Number 5, Sector 25, Gurugram, Haryana 122008, India</p>",HANBORO,Apparel & Accessories > Jewelry > Watches,Luxury Automatic Watches,"HANBORO, Luxury Watches, Automatic, DIVER_SPORT, 100M Steel Diver Chronograph, HBR-1309-AUTO-BLUE, Model-1309, Skeleton",TRUE,Title,Default Title,,,,,HBR-1309-AUTO-BLUE,250,shopify,8,continue,manual,19999,24999,TRUE,TRUE,HBR-1309-AUTO-BLUE,https://hanborowatches.in/transparent/hbr-1309-auto-blue.webp,1,Hanboro OceanStrike Lagoon Surge – Steel 100M Diver Chronograph - Reference HBR-1309-AUTO-BLUE,FALSE,Hanboro OceanStrike Lagoon Surge – Steel 100M Diver Chronograph,Teal gradient multifunction automatic diver watch with sapphire crystal and 100M water resistance.,Apparel & Accessories > Jewelry > Watches,Unisex,Adult,HBR-1309-AUTO-BLUE,new,FALSE,,,,,,https://hanborowatches.in/transparent/hbr-1309-auto-blue.webp,g,,,active
hbr-1309-auto-blue,,,,,,,,,,,,,,,,,,,,,,,,,https://hanborowatches.in/transparent/purple-chrono.webp,2,Hanboro OceanStrike Lagoon Surge – Steel 100M Diver Chronograph - View 2,,,,,,,,,,,,,,,,,,,
hbr-1309-auto-blue,,,,,,,,,,,,,,,,,,,,,,,,,https://hanborowatches.in/catalog/hbr-1309-auto-blue-view-1.png,3,Hanboro OceanStrike Lagoon Surge – Steel 100M Diver Chronograph - View 3,,,,,,,,,,,,,,,,,,,
hbr-1309-auto-blue,,,,,,,,,,,,,,,,,,,,,,,,,https://hanborowatches.in/catalog/hbr-1309-auto-blue-view-2.jpg,4,Hanboro OceanStrike Lagoon Surge – Steel 100M Diver Chronograph - View 4,,,,,,,,,,,,,,,,,,,
hbr-1309-auto-blue,,,,,,,,,,,,,,,,,,,,,,,,,https://hanborowatches.in/catalog/hbr-1309-auto-blue-view-3.jpg,5,Hanboro OceanStrike Lagoon Surge – Steel 100M Diver Chronograph - View 5,,,,,,,,,,,,,,,,,,,
hbr-1309-auto-blue,,,,,,,,,,,,,,,,,,,,,,,,,https://hanborowatches.in/catalog/hbr-1309-auto-blue-front.jpg,6,Hanboro OceanStrike Lagoon Surge – Steel 100M Diver Chronograph - View 6,,,,,,,,,,,,,,,,,,,
hbr-1309-auto-orange,Hanboro OceanStrike Volcanic Reef – 100M Luxury Diver Watch,"<p>The OceanStrike “Volcanic Reef” is raw energy contained in steel. Its fiery sunburst orange dial radiates intensity, contrasted by a precision ceramic bezel and polished 304 steel case.</p><p>Equipped with a six-hand multifunction layout, including 24-hour, day, month, and calendar displays, it is powered by the robust Shanghai JHS08 mechanical movement. The visible Geneva-pattern tourbillon mechanism delivers horological theatre at every glance.</p><p>Water-resistant to 100 meters and secured with a solid steel bracelet, Volcanic Reef is built for those who prefer bold dominance over subtlety.</p>
<h3>Specifications</h3>
<ul>
  <li><strong>Movement:</strong> Quartz multifunction chronograph movement, 100M water resistance, Stainless steel case</li>
  <li><strong>Power Reserve:</strong> 45 Hours</li>
  <li><strong>Jewels:</strong> 27 Synthetic Rubies</li>
  <li><strong>Frequency:</strong> 28,800 VPH (4.0 Hz)</li>
  <li><strong>Case Material:</strong> STAINLESS STEEL</li>
  <li><strong>Glass:</strong> SAPPHIRE CRYSTAL</li>
  <li><strong>Case Diameter:</strong> 42mm</li>
  <li><strong>Water Resistance:</strong> 100M (10 ATM)</li>
  <li><strong>Strap:</strong> STAINLESS STEEL</li>
  <li><strong>Clasp:</strong> double-pressed butterfly clasp,</li>
  <li><strong>Warranty:</strong> 24.0 Months Official Manufacturer Warranty</li>
</ul>
<h3>Compliance & Care</h3>
<p><strong>Country of Origin:</strong> People’s Republic of China</p>
<p><strong>Manufacturer:</strong> Guangzhou Hengbaoluo Technology Co., Ltd.</p>
<p><strong>Importer / Packer:</strong> Rise N Be Original Lifestyle Pvt Ltd, Building No. 3, 4th Floor, Block M, DLF City Phase II, Road Number 5, Sector 25, Gurugram, Haryana 122008, India</p>",HANBORO,Apparel & Accessories > Jewelry > Watches,Luxury Automatic Watches,"HANBORO, Luxury Watches, Automatic, DIVER_SPORT, 100M Steel Diver Chronograph, HBR-1309-AUTO-ORANGE, Model-1309, Skeleton",TRUE,Title,Default Title,,,,,HBR-1309-AUTO-ORANGE,250,shopify,8,continue,manual,19999,24999,TRUE,TRUE,HBR-1309-AUTO-ORANGE,https://hanborowatches.in/transparent/hbr-1309-auto-orange.webp,1,Hanboro OceanStrike Volcanic Reef – 100M Luxury Diver Watch - Reference HBR-1309-AUTO-ORANGE,FALSE,Hanboro OceanStrike Volcanic Reef – 100M Luxury Diver Watch,Bold orange gradient automatic diver watch with ceramic bezel and 100M water resistance.,Apparel & Accessories > Jewelry > Watches,Unisex,Adult,HBR-1309-AUTO-ORANGE,new,FALSE,,,,,,https://hanborowatches.in/transparent/hbr-1309-auto-orange.webp,g,,,active
hbr-1309-auto-orange,,,,,,,,,,,,,,,,,,,,,,,,,https://hanborowatches.in/watch-oceanic-diver-200m-green-front-transparent.webp,2,Hanboro OceanStrike Volcanic Reef – 100M Luxury Diver Watch - View 2,,,,,,,,,,,,,,,,,,,
hbr-1309-auto-orange,,,,,,,,,,,,,,,,,,,,,,,,,https://hanborowatches.in/catalog/hbr-1309-auto-orange-view-1.png,3,Hanboro OceanStrike Volcanic Reef – 100M Luxury Diver Watch - View 3,,,,,,,,,,,,,,,,,,,
hbr-1309-auto-orange,,,,,,,,,,,,,,,,,,,,,,,,,https://hanborowatches.in/catalog/hbr-1309-auto-orange-view-2.jpg,4,Hanboro OceanStrike Volcanic Reef – 100M Luxury Diver Watch - View 4,,,,,,,,,,,,,,,,,,,
hbr-1309-auto-orange,,,,,,,,,,,,,,,,,,,,,,,,,https://hanborowatches.in/catalog/hbr-1309-auto-orange-view-3.jpg,5,Hanboro OceanStrike Volcanic Reef – 100M Luxury Diver Watch - View 5,,,,,,,,,,,,,,,,,,,
hbr-1309-auto-orange,,,,,,,,,,,,,,,,,,,,,,,,,https://hanborowatches.in/catalog/hbr-1309-auto-orange-view-4.jpg,6,Hanboro OceanStrike Volcanic Reef – 100M Luxury Diver Watch - View 6,,,,,,,,,,,,,,,,,,,
hbr-1309-auto-orange,,,,,,,,,,,,,,,,,,,,,,,,,https://hanborowatches.in/catalog/hbr-1309-auto-orange-front.jpg,7,Hanboro OceanStrike Volcanic Reef – 100M Luxury Diver Watch - View 7,,,,,,,,,,,,,,,,,,,
hbr-8824-auto-ns-black,Hanboro Hemisphera – Dual Hemisphere Automatic Moonphase Watch (Nocturne Black),"<p>The Hanboro Hemisphera is a mechanical tribute to the world above us. Designed around a rare dual-hemisphere complication, it simultaneously tracks 24-hour sun and moon cycles for both the Northern and Southern hemispheres — a feature inspired by global navigation and celestial mechanics.</p><p>Encased in precision-crafted 316L stainless steel with diamond-knife finishing, the 44mm architecture delivers strength with refined detailing. At 12 o’clock, the open flywheel reveals the beating heart of the automatic movement, oscillating at 21,600 vibrations per hour and offering a 40-hour power reserve.</p><p>The 3D multi-functional dial integrates:</p><p>Northern Hemisphere 24-hour sun & moon display</p><p>Southern Hemisphere 24-hour sun & moon display</p><p>Open mechanical flywheel</p><p>Luminous hour markers</p><p>Protected by a sapphire crystal and water-resistant up to 100 meters, the Hemisphera blends global sophistication with mechanical depth.</p><p>Built for collectors who think beyond borders.</p>
<h3>Specifications</h3>
<ul>
  <li><strong>Movement:</strong> Automatic mechanical movement, Power Reserve: ~40 hours, Frequency 21600 times/hour, Stop second function, Automatic/manual winding</li>
  <li><strong>Power Reserve:</strong> 45 Hours</li>
  <li><strong>Jewels:</strong> 24 Synthetic Rubies</li>
  <li><strong>Frequency:</strong> 28,800 VPH (4.0 Hz)</li>
  <li><strong>Case Material:</strong> STAINLESS STEEL</li>
  <li><strong>Glass:</strong> SAPPHIRE CRYSTAL</li>
  <li><strong>Case Diameter:</strong> 44mm</li>
  <li><strong>Water Resistance:</strong> 100M (10 ATM)</li>
  <li><strong>Strap:</strong> STAINLESS STEEL</li>
  <li><strong>Clasp:</strong> double-press butterfly clasp</li>
  <li><strong>Warranty:</strong> 24.0 Months Official Manufacturer Warranty</li>
</ul>
<h3>Compliance & Care</h3>
<p><strong>Country of Origin:</strong> People’s Republic of China</p>
<p><strong>Manufacturer:</strong> Guangzhou Hengbaoluo Technology Co., Ltd.</p>
<p><strong>Importer / Packer:</strong> Rise N Be Original Lifestyle Pvt Ltd, Building No. 3, 4th Floor, Block M, DLF City Phase II, Road Number 5, Sector 25, Gurugram, Haryana 122008, India</p>",HANBORO,Apparel & Accessories > Jewelry > Watches,Luxury Automatic Watches,"HANBORO, Luxury Watches, Automatic, CLASSIC, Celestial Dual-Hemisphere Moonphase, HBR-8824-AUTO-NS-BLACK, Model-8824, Skeleton",TRUE,Title,Default Title,,,,,HBR-8824-AUTO-NS-BLACK,250,shopify,8,continue,manual,27999,34999,TRUE,TRUE,HBR-8824-AUTO-NS-BLACK,https://hanborowatches.in/transparent/hbr-8824-auto-ns-black.webp,1,Hanboro Hemisphera – Dual Hemisphere Automatic Moonphase Watch (Nocturne Black) - Reference HBR-8824-AUTO-NS-BLACK,FALSE,Hanboro Hemisphera – Dual Hemisphere Automatic Moonphase Watch (Nocturne Black),"Dual hemisphere automatic watch featuring 24-hour sun & moon displays, open flywheel, sapphire crystal, and 100M water resistance.",Apparel & Accessories > Jewelry > Watches,Unisex,Adult,HBR-8824-AUTO-NS-BLACK,new,FALSE,,,,,,https://hanborowatches.in/transparent/hbr-8824-auto-ns-black.webp,g,,,active
hbr-8824-auto-ns-black,,,,,,,,,,,,,,,,,,,,,,,,,https://hanborowatches.in/watch-astroworld-moon-silver-front-transparent.webp,2,Hanboro Hemisphera – Dual Hemisphere Automatic Moonphase Watch (Nocturne Black) - View 2,,,,,,,,,,,,,,,,,,,
hbr-8824-auto-ns-black,,,,,,,,,,,,,,,,,,,,,,,,,https://hanborowatches.in/catalog/hbr-8824-auto-ns-black-view-1.jpg,3,Hanboro Hemisphera – Dual Hemisphere Automatic Moonphase Watch (Nocturne Black) - View 3,,,,,,,,,,,,,,,,,,,
hbr-8824-auto-ns-black,,,,,,,,,,,,,,,,,,,,,,,,,https://hanborowatches.in/catalog/hbr-8824-auto-ns-black-view-2.jpg,4,Hanboro Hemisphera – Dual Hemisphere Automatic Moonphase Watch (Nocturne Black) - View 4,,,,,,,,,,,,,,,,,,,
hbr-8824-auto-ns-black,,,,,,,,,,,,,,,,,,,,,,,,,https://hanborowatches.in/catalog/hbr-8824-auto-ns-black-view-3.jpg,5,Hanboro Hemisphera – Dual Hemisphere Automatic Moonphase Watch (Nocturne Black) - View 5,,,,,,,,,,,,,,,,,,,
hbr-8824-auto-ns-black,,,,,,,,,,,,,,,,,,,,,,,,,https://hanborowatches.in/catalog/hbr-8824-auto-ns-black-view-4.jpg,6,Hanboro Hemisphera – Dual Hemisphere Automatic Moonphase Watch (Nocturne Black) - View 6,,,,,,,,,,,,,,,,,,,
hbr-8824-auto-ns-black,,,,,,,,,,,,,,,,,,,,,,,,,https://hanborowatches.in/catalog/hbr-8824-auto-ns-black-front.jpg,7,Hanboro Hemisphera – Dual Hemisphere Automatic Moonphase Watch (Nocturne Black) - View 7,,,,,,,,,,,,,,,,,,,
hbr-1001-2-auto-roulette-rg-red,Casino Series: Roulette Royale Automatic Watch (Rose Gold & Monte Carlo Red),"<p>The Hanboro Roulette Royale – Red Gem Edition is a statement in mechanical theatre. Inspired by the geometry and rhythm of a classic roulette wheel, its dial is meticulously structured with concentric detailing and deep red crystal accents that create remarkable depth and symmetry.</p><p>Encased in rose gold-toned steel, the watch carries a commanding presence while maintaining refined elegance. The automatic movement beats beneath the surface, visible through its open architecture — a reminder that true luxury lies in mechanical precision, not decoration.</p><p>Balanced by a supple leather strap and timeless proportions, this timepiece is crafted for collectors who appreciate design with intent.</p><p>Not made for everyone.<br/>Made for those who understand presence.</p>
<h3>Specifications</h3>
<ul>
  <li><strong>Movement:</strong> Automatic mechanical movement, Power Reserve: ~40 hours, Frequency 21600 times/hour, Stop second function, Automatic/manual winding</li>
  <li><strong>Power Reserve:</strong> 50 Hours</li>
  <li><strong>Jewels:</strong> 31 Synthetic Rubies & Micro Ceramic Ball Bearings</li>
  <li><strong>Frequency:</strong> 28,800 VPH (4.0 Hz)</li>
  <li><strong>Case Material:</strong> STAINLESS STEEL</li>
  <li><strong>Glass:</strong> SAPPHIRE CRYSTAL</li>
  <li><strong>Case Diameter:</strong> 45.5mm</li>
  <li><strong>Water Resistance:</strong> 50M (5 ATM)</li>
  <li><strong>Strap:</strong> LEATHER</li>
  <li><strong>Clasp:</strong> Push Button Hidden Clasp</li>
  <li><strong>Warranty:</strong> 24.0 Months Official Manufacturer Warranty</li>
</ul>
<h3>Compliance & Care</h3>
<p><strong>Country of Origin:</strong> People’s Republic of China</p>
<p><strong>Manufacturer:</strong> Guangzhou Hengbaoluo Technology Co., Ltd.</p>
<p><strong>Importer / Packer:</strong> Rise N Be Original Lifestyle Pvt Ltd, Building No. 3, 4th Floor, Block M, DLF City Phase II, Road Number 5, Sector 25, Gurugram, Haryana 122008, India</p>",HANBORO,Apparel & Accessories > Jewelry > Watches,Luxury Automatic Watches,"HANBORO, Luxury Watches, Automatic, ROULETTE, Casino Royale Baguette Gem-Set Edition, HBR-1001-2-AUTO-ROULETTE-RG-RED, Model-1001-2, Skeleton",TRUE,Title,Default Title,,,,,HBR-1001-2-AUTO-ROULETTE-RG-RED,250,shopify,8,continue,manual,42399,52999,TRUE,TRUE,HBR-1001-2-AUTO-ROULETTE-RG-RED,https://hanborowatches.in/transparent/casino-roulette-wheel-ruby-diamond.webp,1,Casino Series: Roulette Royale Automatic Watch (Rose Gold & Monte Carlo Red) - Reference HBR-1001-2-AUTO-ROULETTE-RG-RED,FALSE,Casino Series: Roulette Royale Automatic Watch (Rose Gold & Monte Carlo Red),"A rose gold automatic timepiece inspired by roulette architecture, featuring deep red crystal detailing and refined mechanical presence.",Apparel & Accessories > Jewelry > Watches,Unisex,Adult,HBR-1001-2-AUTO-ROULETTE-RG-RED,new,FALSE,,,,,,https://hanborowatches.in/transparent/casino-roulette-wheel-ruby-diamond.webp,g,,,active
hbr-1001-2-auto-roulette-rg-red,,,,,,,,,,,,,,,,,,,,,,,,,https://hanborowatches.in/catalog/hbr-1001-2-auto-roulette-rg-red-view-1.png,2,Casino Series: Roulette Royale Automatic Watch (Rose Gold & Monte Carlo Red) - View 2,,,,,,,,,,,,,,,,,,,
hbr-1001-2-auto-roulette-rg-red,,,,,,,,,,,,,,,,,,,,,,,,,https://hanborowatches.in/catalog/hbr-1001-2-auto-roulette-rg-red-view-2.jpg,3,Casino Series: Roulette Royale Automatic Watch (Rose Gold & Monte Carlo Red) - View 3,,,,,,,,,,,,,,,,,,,
hbr-1001-2-auto-roulette-rg-red,,,,,,,,,,,,,,,,,,,,,,,,,https://hanborowatches.in/catalog/hbr-1001-2-auto-roulette-rg-red-front.jpg,4,Casino Series: Roulette Royale Automatic Watch (Rose Gold & Monte Carlo Red) - View 4,,,,,,,,,,,,,,,,,,,
hbr-1309-auto-green,Hanboro OceanStrike Emerald Tide – 100M Diver Chronograph Watch,"<p>The Hanboro OceanStrike “Emerald Tide” captures the depth of the ocean in motion. Its gradient green dial reflects shifting light like deep water under pressure, framed by a unidirectional ceramic bezel engineered for precision.</p><p>Powered by the Shanghai JHS08 multifunction mechanical movement, it features a six-hand layout with 24-hour display, day, month, and calendar complications. The open Geneva-pattern tourbillon architecture reveals the heartbeat beneath, while sapphire crystal and 100M water resistance ensure durability beyond elegance.</p><p>Built in 304 steel with a solid bracelet and double safety clasp, Emerald Tide is not just a diver — it is controlled power on the wrist.</p>
<h3>Specifications</h3>
<ul>
  <li><strong>Movement:</strong> Quartz multifunction chronograph movement, 100M water resistance, Stainless steel case</li>
  <li><strong>Power Reserve:</strong> 45 Hours</li>
  <li><strong>Jewels:</strong> 27 Synthetic Rubies</li>
  <li><strong>Frequency:</strong> 28,800 VPH (4.0 Hz)</li>
  <li><strong>Case Material:</strong> STAINLESS STEEL</li>
  <li><strong>Glass:</strong> SAPPHIRE CRYSTAL</li>
  <li><strong>Case Diameter:</strong> 42mm</li>
  <li><strong>Water Resistance:</strong> 100M (10 ATM)</li>
  <li><strong>Strap:</strong> STAINLESS STEEL</li>
  <li><strong>Clasp:</strong> double-pressed butterfly clasp,</li>
  <li><strong>Warranty:</strong> 24.0 Months Official Manufacturer Warranty</li>
</ul>
<h3>Compliance & Care</h3>
<p><strong>Country of Origin:</strong> People’s Republic of China</p>
<p><strong>Manufacturer:</strong> Guangzhou Hengbaoluo Technology Co., Ltd.</p>
<p><strong>Importer / Packer:</strong> Rise N Be Original Lifestyle Pvt Ltd, Building No. 3, 4th Floor, Block M, DLF City Phase II, Road Number 5, Sector 25, Gurugram, Haryana 122008, India</p>",HANBORO,Apparel & Accessories > Jewelry > Watches,Luxury Automatic Watches,"HANBORO, Luxury Watches, Automatic, DIVER_SPORT, 100M Steel Diver Chronograph, HBR-1309-AUTO-GREEN, Model-1309, Skeleton",TRUE,Title,Default Title,,,,,HBR-1309-AUTO-GREEN,250,shopify,8,continue,manual,19999,24999,TRUE,TRUE,HBR-1309-AUTO-GREEN,https://hanborowatches.in/transparent/hbr-1309-auto-green.webp,1,Hanboro OceanStrike Emerald Tide – 100M Diver Chronograph Watch - Reference HBR-1309-AUTO-GREEN,FALSE,Hanboro OceanStrike Emerald Tide – 100M Diver Chronograph Watch,"Green gradient automatic diver with tourbillon view, full calendar complications, sapphire crystal and 100M water resistance.",Apparel & Accessories > Jewelry > Watches,Unisex,Adult,HBR-1309-AUTO-GREEN,new,FALSE,,,,,,https://hanborowatches.in/transparent/hbr-1309-auto-green.webp,g,,,active
hbr-1309-auto-green,,,,,,,,,,,,,,,,,,,,,,,,,https://hanborowatches.in/watch-oceanic-diver-200m-green-front-transparent.webp,2,Hanboro OceanStrike Emerald Tide – 100M Diver Chronograph Watch - View 2,,,,,,,,,,,,,,,,,,,
hbr-1309-auto-green,,,,,,,,,,,,,,,,,,,,,,,,,https://hanborowatches.in/catalog/hbr-1309-auto-green-view-1.jpg,3,Hanboro OceanStrike Emerald Tide – 100M Diver Chronograph Watch - View 3,,,,,,,,,,,,,,,,,,,
hbr-1309-auto-green,,,,,,,,,,,,,,,,,,,,,,,,,https://hanborowatches.in/catalog/hbr-1309-auto-green-view-2.jpg,4,Hanboro OceanStrike Emerald Tide – 100M Diver Chronograph Watch - View 4,,,,,,,,,,,,,,,,,,,
hbr-1309-auto-green,,,,,,,,,,,,,,,,,,,,,,,,,https://hanborowatches.in/catalog/hbr-1309-auto-green-view-3.png,5,Hanboro OceanStrike Emerald Tide – 100M Diver Chronograph Watch - View 5,,,,,,,,,,,,,,,,,,,
hbr-1309-auto-green,,,,,,,,,,,,,,,,,,,,,,,,,https://hanborowatches.in/catalog/hbr-1309-auto-green-view-4.png,6,Hanboro OceanStrike Emerald Tide – 100M Diver Chronograph Watch - View 6,,,,,,,,,,,,,,,,,,,
hbr-1309-auto-green,,,,,,,,,,,,,,,,,,,,,,,,,https://hanborowatches.in/catalog/hbr-1309-auto-green-view-5.JPG,7,Hanboro OceanStrike Emerald Tide – 100M Diver Chronograph Watch - View 7,,,,,,,,,,,,,,,,,,,
hbr-1309-auto-green,,,,,,,,,,,,,,,,,,,,,,,,,https://hanborowatches.in/catalog/hbr-1309-auto-green-front.jpg,8,Hanboro OceanStrike Emerald Tide – 100M Diver Chronograph Watch - View 8,,,,,,,,,,,,,,,,,,,
hbr-8824-auto-ns-blue,Hanboro Hemisphera – Dual Hemisphere Automatic Moonphase Watch (Deep Sky Blue),"<p>The Hanboro Hemisphera is a mechanical tribute to the world above us. Designed around a rare dual-hemisphere complication, it simultaneously tracks 24-hour sun and moon cycles for both the Northern and Southern hemispheres — a feature inspired by global navigation and celestial mechanics.</p><p>Encased in precision-crafted 316L stainless steel with diamond-knife finishing, the 44mm architecture delivers strength with refined detailing. At 12 o’clock, the open flywheel reveals the beating heart of the automatic movement, oscillating at 21,600 vibrations per hour and offering a 40-hour power reserve.</p><p>The 3D multi-functional dial integrates:</p><p>Northern Hemisphere 24-hour sun & moon display</p><p>Southern Hemisphere 24-hour sun & moon display</p><p>Open mechanical flywheel</p><p>Luminous hour markers</p><p>Protected by a sapphire crystal and water-resistant up to 100 meters, the Hemisphera blends global sophistication with mechanical depth.</p><p>Built for collectors who think beyond borders.</p>
<h3>Specifications</h3>
<ul>
  <li><strong>Movement:</strong> Automatic mechanical movement, Power Reserve: ~40 hours, Frequency 21600 times/hour, Stop second function, Automatic/manual winding</li>
  <li><strong>Power Reserve:</strong> 48 Hours</li>
  <li><strong>Jewels:</strong> 26 Synthetic Rubies</li>
  <li><strong>Frequency:</strong> 28,800 VPH (4.0 Hz)</li>
  <li><strong>Case Material:</strong> STAINLESS STEEL</li>
  <li><strong>Glass:</strong> SAPPHIRE CRYSTAL</li>
  <li><strong>Case Diameter:</strong> 44mm</li>
  <li><strong>Water Resistance:</strong> 100M (10 ATM)</li>
  <li><strong>Strap:</strong> STAINLESS STEEL</li>
  <li><strong>Clasp:</strong> double-press butterfly clasp</li>
  <li><strong>Warranty:</strong> 24.0 Months Official Manufacturer Warranty</li>
</ul>
<h3>Compliance & Care</h3>
<p><strong>Country of Origin:</strong> People’s Republic of China</p>
<p><strong>Manufacturer:</strong> Guangzhou Hengbaoluo Technology Co., Ltd.</p>
<p><strong>Importer / Packer:</strong> Rise N Be Original Lifestyle Pvt Ltd, Building No. 3, 4th Floor, Block M, DLF City Phase II, Road Number 5, Sector 25, Gurugram, Haryana 122008, India</p>",HANBORO,Apparel & Accessories > Jewelry > Watches,Luxury Automatic Watches,"HANBORO, Luxury Watches, Automatic, CLASSIC, Celestial Dual-Hemisphere Moonphase, HBR-8824-AUTO-NS-BLUE, Model-8824, Skeleton",TRUE,Title,Default Title,,,,,HBR-8824-AUTO-NS-BLUE,250,shopify,8,continue,manual,27999,34999,TRUE,TRUE,HBR-8824-AUTO-NS-BLUE,https://hanborowatches.in/transparent/hbr-8824-auto-ns-blue.webp,1,Hanboro Hemisphera – Dual Hemisphere Automatic Moonphase Watch (Deep Sky Blue) - Reference HBR-8824-AUTO-NS-BLUE,FALSE,Hanboro Hemisphera – Dual Hemisphere Automatic Moonphase Watch (Deep Sky Blue),"Dual hemisphere automatic watch featuring 24-hour sun & moon displays, open flywheel, sapphire crystal, and 100M water resistance.",Apparel & Accessories > Jewelry > Watches,Unisex,Adult,HBR-8824-AUTO-NS-BLUE,new,FALSE,,,,,,https://hanborowatches.in/transparent/hbr-8824-auto-ns-blue.webp,g,,,active
hbr-8824-auto-ns-blue,,,,,,,,,,,,,,,,,,,,,,,,,https://hanborowatches.in/watch-dual-hemispheres-moonphase-rosegold-front-transparent.webp,2,Hanboro Hemisphera – Dual Hemisphere Automatic Moonphase Watch (Deep Sky Blue) - View 2,,,,,,,,,,,,,,,,,,,
hbr-8824-auto-ns-blue,,,,,,,,,,,,,,,,,,,,,,,,,https://hanborowatches.in/catalog/hbr-8824-auto-ns-blue-view-1.png,3,Hanboro Hemisphera – Dual Hemisphere Automatic Moonphase Watch (Deep Sky Blue) - View 3,,,,,,,,,,,,,,,,,,,
hbr-8824-auto-ns-blue,,,,,,,,,,,,,,,,,,,,,,,,,https://hanborowatches.in/catalog/hbr-8824-auto-ns-blue-view-2.png,4,Hanboro Hemisphera – Dual Hemisphere Automatic Moonphase Watch (Deep Sky Blue) - View 4,,,,,,,,,,,,,,,,,,,
hbr-8824-auto-ns-blue,,,,,,,,,,,,,,,,,,,,,,,,,https://hanborowatches.in/catalog/hbr-8824-auto-ns-blue-front.jpg,5,Hanboro Hemisphera – Dual Hemisphere Automatic Moonphase Watch (Deep Sky Blue) - View 5,,,,,,,,,,,,,,,,,,,
hbr-8824-auto-ns-rg-brown,Hanboro Hemisphera – Dual Hemisphere Automatic Moonphase Watch (Rose Gold & Saddle Brown),"<p>The Hanboro Hemisphera is a mechanical tribute to the world above us. Designed around a rare dual-hemisphere complication, it simultaneously tracks 24-hour sun and moon cycles for both the Northern and Southern hemispheres — a feature inspired by global navigation and celestial mechanics.</p><p>Encased in precision-crafted 316L stainless steel with diamond-knife finishing, the 44mm architecture delivers strength with refined detailing. At 12 o’clock, the open flywheel reveals the beating heart of the automatic movement, oscillating at 21,600 vibrations per hour and offering a 40-hour power reserve.</p><p>The 3D multi-functional dial integrates:</p><p>Northern Hemisphere 24-hour sun & moon display</p><p>Southern Hemisphere 24-hour sun & moon display</p><p>Open mechanical flywheel</p><p>Luminous hour markers</p><p>Protected by a sapphire crystal and water-resistant up to 100 meters, the Hemisphera blends global sophistication with mechanical depth.</p><p>Built for collectors who think beyond borders.</p>
<h3>Specifications</h3>
<ul>
  <li><strong>Movement:</strong> Automatic mechanical movement, Power Reserve: ~40 hours, Frequency 21600 times/hour, Stop second function, Automatic/manual winding</li>
  <li><strong>Power Reserve:</strong> 45 Hours</li>
  <li><strong>Jewels:</strong> 24 Synthetic Rubies</li>
  <li><strong>Frequency:</strong> 28,800 VPH (4.0 Hz)</li>
  <li><strong>Case Material:</strong> STAINLESS STEEL</li>
  <li><strong>Glass:</strong> SAPPHIRE CRYSTAL</li>
  <li><strong>Case Diameter:</strong> 44mm</li>
  <li><strong>Water Resistance:</strong> 100M (10 ATM)</li>
  <li><strong>Strap:</strong> STAINLESS STEEL</li>
  <li><strong>Clasp:</strong> double-press butterfly clasp</li>
  <li><strong>Warranty:</strong> 24.0 Months Official Manufacturer Warranty</li>
</ul>
<h3>Compliance & Care</h3>
<p><strong>Country of Origin:</strong> People’s Republic of China</p>
<p><strong>Manufacturer:</strong> Guangzhou Hengbaoluo Technology Co., Ltd.</p>
<p><strong>Importer / Packer:</strong> Rise N Be Original Lifestyle Pvt Ltd, Building No. 3, 4th Floor, Block M, DLF City Phase II, Road Number 5, Sector 25, Gurugram, Haryana 122008, India</p>",HANBORO,Apparel & Accessories > Jewelry > Watches,Luxury Automatic Watches,"HANBORO, Luxury Watches, Automatic, CLASSIC, Celestial Dual-Hemisphere Moonphase, HBR-8824-AUTO-NS-RG-BROWN, Model-8824, Skeleton",TRUE,Title,Default Title,,,,,HBR-8824-AUTO-NS-RG-BROWN,250,shopify,8,continue,manual,27999,34999,TRUE,TRUE,HBR-8824-AUTO-NS-RG-BROWN,https://hanborowatches.in/transparent/hbr-8824-auto-ns-rg-brown.webp,1,Hanboro Hemisphera – Dual Hemisphere Automatic Moonphase Watch (Rose Gold & Saddle Brown) - Reference HBR-8824-AUTO-NS-RG-BROWN,FALSE,Hanboro Hemisphera – Dual Hemisphere Automatic Moonphase Watch (Rose Gold & Saddle Brown),"Dual hemisphere automatic watch featuring 24-hour sun & moon displays, open flywheel, sapphire crystal, and 100M water resistance.",Apparel & Accessories > Jewelry > Watches,Unisex,Adult,HBR-8824-AUTO-NS-RG-BROWN,new,FALSE,,,,,,https://hanborowatches.in/transparent/hbr-8824-auto-ns-rg-brown.webp,g,,,active
hbr-8824-auto-ns-rg-brown,,,,,,,,,,,,,,,,,,,,,,,,,https://hanborowatches.in/watch-astroworld-moon-rosegold-front-transparent.webp,2,Hanboro Hemisphera – Dual Hemisphere Automatic Moonphase Watch (Rose Gold & Saddle Brown) - View 2,,,,,,,,,,,,,,,,,,,
hbr-8824-auto-ns-rg-brown,,,,,,,,,,,,,,,,,,,,,,,,,https://hanborowatches.in/catalog/hbr-8824-auto-ns-rg-brown-view-1.png,3,Hanboro Hemisphera – Dual Hemisphere Automatic Moonphase Watch (Rose Gold & Saddle Brown) - View 3,,,,,,,,,,,,,,,,,,,
hbr-8824-auto-ns-rg-brown,,,,,,,,,,,,,,,,,,,,,,,,,https://hanborowatches.in/catalog/hbr-8824-auto-ns-rg-brown-view-2.png,4,Hanboro Hemisphera – Dual Hemisphere Automatic Moonphase Watch (Rose Gold & Saddle Brown) - View 4,,,,,,,,,,,,,,,,,,,
hbr-8824-auto-ns-rg-brown,,,,,,,,,,,,,,,,,,,,,,,,,https://hanborowatches.in/catalog/hbr-8824-auto-ns-rg-brown-front.jpg,5,Hanboro Hemisphera – Dual Hemisphere Automatic Moonphase Watch (Rose Gold & Saddle Brown) - View 5,,,,,,,,,,,,,,,,,,,
hbr-981-auto-rgold,Hanboro Frozen Planet – Summit Edition Automatic Watch | 3D Mountain Dial (Rose Gold),"<p>The Hanboro Frozen Planet – Summit Edition captures the clash of elements with a breathtaking 3D dial featuring golden peaks and snow-covered mountains. The open-heart mechanics,and integrated compass create a true explorer’s aesthetic. Crafted in precision 304 steel with luminous detailing and a premium silicone strap, this timepiece blends adventure with artistry—made for those who conquer both summits and style.</p>
<h3>Specifications</h3>
<ul>
  <li><strong>Movement:</strong> Automatic mechanical movement, 44mm case, 304 stainless steel, Power Reserve: ~40 hours, Frequency 21600 times/hour, Stop second function, Automatic/manual winding</li>
  <li><strong>Power Reserve:</strong> 72 Hours</li>
  <li><strong>Jewels:</strong> 33 Synthetic Rubies</li>
  <li><strong>Frequency:</strong> 28,800 VPH (4.0 Hz)</li>
  <li><strong>Case Material:</strong> STAINLESS STEEL</li>
  <li><strong>Glass:</strong> SAPPHIRE CRYSTAL GLASS</li>
  <li><strong>Case Diameter:</strong> 44mm</li>
  <li><strong>Water Resistance:</strong> 50M (5 ATM)</li>
  <li><strong>Strap:</strong> SILICONE (BLACK)</li>
  <li><strong>Clasp:</strong> Push Button Hidden Clasp</li>
  <li><strong>Warranty:</strong> 24.0 Months Official Manufacturer Warranty</li>
</ul>
<h3>Compliance & Care</h3>
<p><strong>Country of Origin:</strong> People’s Republic of China</p>
<p><strong>Manufacturer:</strong> Guangzhou Hengbaoluo Technology Co., Ltd.</p>
<p><strong>Importer / Packer:</strong> Rise N Be Original Lifestyle Pvt Ltd, Building No. 3, 4th Floor, Block M, DLF City Phase II, Road Number 5, Sector 25, Gurugram, Haryana 122008, India</p>",HANBORO,Apparel & Accessories > Jewelry > Watches,Luxury Automatic Watches,"HANBORO, Luxury Watches, Automatic, CLASSIC, 3D Carved Glacier Mountain Dial, HBR-981-AUTO-RGOLD, Model-981, Skeleton",TRUE,Title,Default Title,,,,,HBR-981-AUTO-RGOLD,250,shopify,8,continue,manual,35999,44999,TRUE,TRUE,HBR-981-AUTO-RGOLD,https://hanborowatches.in/transparent/hbr-981-auto-rgold.webp,1,Hanboro Frozen Planet – Summit Edition Automatic Watch | 3D Mountain Dial (Rose Gold) - Reference HBR-981-AUTO-RGOLD,FALSE,Hanboro Frozen Planet – Summit Edition Automatic Watch | 3D Mountain Dial (Rose Gold),"Born from fire. Forged in ice. A mechanical masterpiece with a spinning tourbillon and integrated compass — made for men who don’t follow direction, they create it.",Apparel & Accessories > Jewelry > Watches,Unisex,Adult,HBR-981-AUTO-RGOLD,new,FALSE,,,,,,https://hanborowatches.in/transparent/hbr-981-auto-rgold.webp,g,,,active
hbr-981-auto-rgold,,,,,,,,,,,,,,,,,,,,,,,,,https://hanborowatches.in/watch-volcano-glacier-compass-gold-macro-transparent.webp,2,Hanboro Frozen Planet – Summit Edition Automatic Watch | 3D Mountain Dial (Rose Gold) - View 2,,,,,,,,,,,,,,,,,,,
hbr-981-auto-rgold,,,,,,,,,,,,,,,,,,,,,,,,,https://hanborowatches.in/catalog/hbr-981-auto-rgold-view-1.png,3,Hanboro Frozen Planet – Summit Edition Automatic Watch | 3D Mountain Dial (Rose Gold) - View 3,,,,,,,,,,,,,,,,,,,
hbr-981-auto-rgold,,,,,,,,,,,,,,,,,,,,,,,,,https://hanborowatches.in/catalog/hbr-981-auto-rgold-view-2.png,4,Hanboro Frozen Planet – Summit Edition Automatic Watch | 3D Mountain Dial (Rose Gold) - View 4,,,,,,,,,,,,,,,,,,,
hbr-981-auto-rgold,,,,,,,,,,,,,,,,,,,,,,,,,https://hanborowatches.in/catalog/hbr-981-auto-rgold-lume.jpg,5,Hanboro Frozen Planet – Summit Edition Automatic Watch | 3D Mountain Dial (Rose Gold) - View 5,,,,,,,,,,,,,,,,,,,
hbr-981-auto-rgold,,,,,,,,,,,,,,,,,,,,,,,,,https://hanborowatches.in/catalog/hbr-981-auto-rgold-front.jpg,6,Hanboro Frozen Planet – Summit Edition Automatic Watch | 3D Mountain Dial (Rose Gold) - View 6,,,,,,,,,,,,,,,,,,,
hbr-981-auto-silver,Hanboro Frozen Planet – Summit Edition Automatic Watch | 3D Mountain Dial (Glacier Silver),"<p>The Hanboro Frozen Planet – Summit Edition captures the clash of elements with a breathtaking 3D dial featuring golden peaks and snow-covered mountains. The open-heart mechanics,and integrated compass create a true explorer’s aesthetic. Crafted in precision 304 steel with luminous detailing and a premium silicone strap, this timepiece blends adventure with artistry—made for those who conquer both summits and style.</p>
<h3>Specifications</h3>
<ul>
  <li><strong>Movement:</strong> Automatic mechanical movement, 44mm case, 304 stainless steel, Power Reserve: ~40 hours, Frequency 21600 times/hour, Stop second function, Automatic/manual winding</li>
  <li><strong>Power Reserve:</strong> 72 Hours</li>
  <li><strong>Jewels:</strong> 33 Synthetic Rubies</li>
  <li><strong>Frequency:</strong> 28,800 VPH (4.0 Hz)</li>
  <li><strong>Case Material:</strong> STAINLESS STEEL</li>
  <li><strong>Glass:</strong> SAPPHIRE CRYSTAL GLASS</li>
  <li><strong>Case Diameter:</strong> 44mm</li>
  <li><strong>Water Resistance:</strong> 50M (5 ATM)</li>
  <li><strong>Strap:</strong> SILICONE (BLACK)</li>
  <li><strong>Clasp:</strong> Push Button Hidden Clasp</li>
  <li><strong>Warranty:</strong> 24.0 Months Official Manufacturer Warranty</li>
</ul>
<h3>Compliance & Care</h3>
<p><strong>Country of Origin:</strong> People’s Republic of China</p>
<p><strong>Manufacturer:</strong> Guangzhou Hengbaoluo Technology Co., Ltd.</p>
<p><strong>Importer / Packer:</strong> Rise N Be Original Lifestyle Pvt Ltd, Building No. 3, 4th Floor, Block M, DLF City Phase II, Road Number 5, Sector 25, Gurugram, Haryana 122008, India</p>",HANBORO,Apparel & Accessories > Jewelry > Watches,Luxury Automatic Watches,"HANBORO, Luxury Watches, Automatic, CLASSIC, 3D Carved Glacier Mountain Dial, HBR-981-AUTO-SILVER, Model-981, Skeleton",TRUE,Title,Default Title,,,,,HBR-981-AUTO-SILVER,250,shopify,8,continue,manual,35999,44999,TRUE,TRUE,HBR-981-AUTO-SILVER,https://hanborowatches.in/transparent/hbr-981-auto-silver.webp,1,Hanboro Frozen Planet – Summit Edition Automatic Watch | 3D Mountain Dial (Glacier Silver) - Reference HBR-981-AUTO-SILVER,FALSE,Hanboro Frozen Planet – Summit Edition Automatic Watch | 3D Mountain Dial (Glacier Silver),"Born from fire. Forged in ice. A mechanical masterpiece with a spinning tourbillon and integrated compass — made for men who don’t follow direction, they create it.",Apparel & Accessories > Jewelry > Watches,Unisex,Adult,HBR-981-AUTO-SILVER,new,FALSE,,,,,,https://hanborowatches.in/transparent/hbr-981-auto-silver.webp,g,,,active
hbr-981-auto-silver,,,,,,,,,,,,,,,,,,,,,,,,,https://hanborowatches.in/watch-volcano-glacier-compass-gold-macro-transparent.webp,2,Hanboro Frozen Planet – Summit Edition Automatic Watch | 3D Mountain Dial (Glacier Silver) - View 2,,,,,,,,,,,,,,,,,,,
hbr-981-auto-silver,,,,,,,,,,,,,,,,,,,,,,,,,https://hanborowatches.in/catalog/hbr-981-auto-silver-view-1.png,3,Hanboro Frozen Planet – Summit Edition Automatic Watch | 3D Mountain Dial (Glacier Silver) - View 3,,,,,,,,,,,,,,,,,,,
hbr-981-auto-silver,,,,,,,,,,,,,,,,,,,,,,,,,https://hanborowatches.in/catalog/hbr-981-auto-silver-view-2.png,4,Hanboro Frozen Planet – Summit Edition Automatic Watch | 3D Mountain Dial (Glacier Silver) - View 4,,,,,,,,,,,,,,,,,,,
hbr-981-auto-silver,,,,,,,,,,,,,,,,,,,,,,,,,https://hanborowatches.in/catalog/hbr-981-auto-silver-lume.jpg,5,Hanboro Frozen Planet – Summit Edition Automatic Watch | 3D Mountain Dial (Glacier Silver) - View 5,,,,,,,,,,,,,,,,,,,
hbr-981-auto-silver,,,,,,,,,,,,,,,,,,,,,,,,,https://hanborowatches.in/catalog/hbr-981-auto-silver-front.jpg,6,Hanboro Frozen Planet – Summit Edition Automatic Watch | 3D Mountain Dial (Glacier Silver) - View 6,,,,,,,,,,,,,,,,,,,
hbr-2712-auto-silver,Hanboro WorldMaster – 3D Globe Carve Automatic Watch | Central Flywheel Edition (Silver),"<p>The Hanboro WorldMaster – Globe Carve Edition celebrates the art of world-class horology. Its striking dial features 3D hand-carved continents floating over a deep royal blue base, centered around a mesmerizing open flywheel. A curved crystal dome amplifies the depth of the sculpture, while the leather strap and butterfly clasp complete the elegance. A statement timepiece for collectors who appreciate global artistry and mechanical mastery.</p>
<h3>Specifications</h3>
<ul>
  <li><strong>Movement:</strong> Automatic mechanical movement, Power Reserve: ~40 hours, Frequency 21600 times/hour, Stop second function, Automatic/manual winding</li>
  <li><strong>Power Reserve:</strong> 60 Hours</li>
  <li><strong>Jewels:</strong> 29 Synthetic Rubies</li>
  <li><strong>Frequency:</strong> 28,800 VPH (4.0 Hz)</li>
  <li><strong>Case Material:</strong> STAINLESS STEEL</li>
  <li><strong>Glass:</strong> SAPPHIRE CRYSTAL GLASS</li>
  <li><strong>Case Diameter:</strong> 44mm</li>
  <li><strong>Water Resistance:</strong> 50M (5 ATM)</li>
  <li><strong>Strap:</strong> LEATHER (BLACK)</li>
  <li><strong>Clasp:</strong> Push Button Hidden Clasp</li>
  <li><strong>Warranty:</strong> 24.0 Months Official Manufacturer Warranty</li>
</ul>
<h3>Compliance & Care</h3>
<p><strong>Country of Origin:</strong> People’s Republic of China</p>
<p><strong>Manufacturer:</strong> Guangzhou Hengbaoluo Technology Co., Ltd.</p>
<p><strong>Importer / Packer:</strong> Rise N Be Original Lifestyle Pvt Ltd, Building No. 3, 4th Floor, Block M, DLF City Phase II, Road Number 5, Sector 25, Gurugram, Haryana 122008, India</p>",HANBORO,Apparel & Accessories > Jewelry > Watches,Luxury Automatic Watches,"HANBORO, Luxury Watches, Automatic, CLASSIC, 3D Globe Carve Central Flywheel, HBR-2712-AUTO-SILVER, Model-2712, Skeleton",TRUE,Title,Default Title,,,,,HBR-2712-AUTO-SILVER,250,shopify,8,continue,manual,29599,36999,TRUE,TRUE,HBR-2712-AUTO-SILVER,https://hanborowatches.in/transparent/world-globe.webp,1,Hanboro WorldMaster – 3D Globe Carve Automatic Watch | Central Flywheel Edition (Silver) - Reference HBR-2712-AUTO-SILVER,FALSE,Hanboro WorldMaster – 3D Globe Carve Automatic Watch | Central Flywheel Edition (Silver),A 3D globe automatic watch in rose gold with tricolour dial accents and a central open-heart flywheel — built for bold global collectors.,Apparel & Accessories > Jewelry > Watches,Unisex,Adult,HBR-2712-AUTO-SILVER,new,FALSE,,,,,,https://hanborowatches.in/transparent/world-globe.webp,g,,,active
hbr-2712-auto-silver,,,,,,,,,,,,,,,,,,,,,,,,,https://hanborowatches.in/watch-world-globe.webp,2,Hanboro WorldMaster – 3D Globe Carve Automatic Watch | Central Flywheel Edition (Silver) - View 2,,,,,,,,,,,,,,,,,,,
hbr-2712-auto-silver,,,,,,,,,,,,,,,,,,,,,,,,,https://hanborowatches.in/catalog/hbr-2712-auto-silver-front.jpg,3,Hanboro WorldMaster – 3D Globe Carve Automatic Watch | Central Flywheel Edition (Silver) - View 3,,,,,,,,,,,,,,,,,,,
hbr-2712-auto-rg-tiranga,Hanboro WorldMaster Tricolour – 3D Globe Open-Heart Automatic Watch (Rose Gold),"<p>The Hanboro WorldMaster Tricolour Edition is a bold expression of identity and global vision. Its extraordinary dial showcases 3D hand-carved continents rising from a deep royal blue base At the heart, an open flywheel reveals the living mechanics beneath — a reminder that time moves with purpose. The dial’s saffron, white, and green accents create a striking tri-tone composition, symbolising strength, balance, and ambition.</p><p>The sculpted world map appears almost suspended beneath the curved crystal, delivering remarkable depth and dimension. Paired with a premium leather strap and butterfly clasp, this timepiece blends cultural character with mechanical artistry.</p><p>Crafted for leaders, collectors, and visionaries — the WorldMaster Tricolour is not just worn. It is represented.</p>
<h3>Specifications</h3>
<ul>
  <li><strong>Movement:</strong> Automatic mechanical movement, Power Reserve: ~40 hours, Frequency 21600 times/hour, Stop second function, Automatic/manual winding</li>
  <li><strong>Power Reserve:</strong> 52 Hours</li>
  <li><strong>Jewels:</strong> 33 Synthetic Rubies</li>
  <li><strong>Frequency:</strong> 28,800 VPH (4.0 Hz)</li>
  <li><strong>Case Material:</strong> STAINLESS STEEL</li>
  <li><strong>Glass:</strong> SAPPHIRE CRYSTAL GLASS</li>
  <li><strong>Case Diameter:</strong> 44mm</li>
  <li><strong>Water Resistance:</strong> 50M (5 ATM)</li>
  <li><strong>Strap:</strong> LEATHER (BLACK)</li>
  <li><strong>Clasp:</strong> Push Button Hidden Clasp</li>
  <li><strong>Warranty:</strong> 24.0 Months Official Manufacturer Warranty</li>
</ul>
<h3>Compliance & Care</h3>
<p><strong>Country of Origin:</strong> People’s Republic of China</p>
<p><strong>Manufacturer:</strong> Guangzhou Hengbaoluo Technology Co., Ltd.</p>
<p><strong>Importer / Packer:</strong> Rise N Be Original Lifestyle Pvt Ltd, Building No. 3, 4th Floor, Block M, DLF City Phase II, Road Number 5, Sector 25, Gurugram, Haryana 122008, India</p>",HANBORO,Apparel & Accessories > Jewelry > Watches,Luxury Automatic Watches,"HANBORO, Luxury Watches, Automatic, CLASSIC, 3D Globe Carve Central Flywheel, HBR-2712-AUTO-RG-TIRANGA, Model-2712, Skeleton",TRUE,Title,Default Title,,,,,HBR-2712-AUTO-RG-TIRANGA,250,shopify,8,continue,manual,29599,36999,TRUE,TRUE,HBR-2712-AUTO-RG-TIRANGA,https://hanborowatches.in/transparent/hbr-2712-auto-rg-tiranga.webp,1,Hanboro WorldMaster Tricolour – 3D Globe Open-Heart Automatic Watch (Rose Gold) - Reference HBR-2712-AUTO-RG-TIRANGA,FALSE,Hanboro WorldMaster Tricolour – 3D Globe Open-Heart Automatic Watch (Rose Gold),A 3D globe automatic watch in rose gold with tricolour dial accents and a central open-heart flywheel — built for bold global collectors.,Apparel & Accessories > Jewelry > Watches,Unisex,Adult,HBR-2712-AUTO-RG-TIRANGA,new,FALSE,,,,,,https://hanborowatches.in/transparent/hbr-2712-auto-rg-tiranga.webp,g,,,active
hbr-2712-auto-rg-tiranga,,,,,,,,,,,,,,,,,,,,,,,,,https://hanborowatches.in/watch-world-map-tourbillon-silver-front-transparent.webp,2,Hanboro WorldMaster Tricolour – 3D Globe Open-Heart Automatic Watch (Rose Gold) - View 2,,,,,,,,,,,,,,,,,,,
hbr-2712-auto-rg-tiranga,,,,,,,,,,,,,,,,,,,,,,,,,https://hanborowatches.in/catalog/hbr-2712-auto-rg-tiranga-view-1.JPG,3,Hanboro WorldMaster Tricolour – 3D Globe Open-Heart Automatic Watch (Rose Gold) - View 3,,,,,,,,,,,,,,,,,,,
hbr-2712-auto-rg-tiranga,,,,,,,,,,,,,,,,,,,,,,,,,https://hanborowatches.in/catalog/hbr-2712-auto-rg-tiranga-front.jpg,4,Hanboro WorldMaster Tricolour – 3D Globe Open-Heart Automatic Watch (Rose Gold) - View 4,,,,,,,,,,,,,,,,,,,
hbr-2712-auto-slv-tiranga,Hanboro WorldMaster Tricolour – 3D Globe Open-Heart Automatic Watch (Silver),"<p>The Hanboro WorldMaster Tricolour Edition is a bold expression of identity and global vision. Its extraordinary dial showcases 3D hand-carved continents rising from a deep royal blue base At the heart, an open flywheel reveals the living mechanics beneath — a reminder that time moves with purpose. The dial’s saffron, white, and green accents create a striking tri-tone composition, symbolising strength, balance, and ambition.</p><p>The sculpted world map appears almost suspended beneath the curved crystal, delivering remarkable depth and dimension. Paired with a premium leather strap and butterfly clasp, this timepiece blends cultural character with mechanical artistry.</p><p>Crafted for leaders, collectors, and visionaries — the WorldMaster Tricolour is not just worn. It is represented.</p>
<h3>Specifications</h3>
<ul>
  <li><strong>Movement:</strong> Automatic mechanical movement, Power Reserve: ~40 hours, Frequency 21600 times/hour, Stop second function, Automatic/manual winding</li>
  <li><strong>Power Reserve:</strong> 52 Hours</li>
  <li><strong>Jewels:</strong> 33 Synthetic Rubies</li>
  <li><strong>Frequency:</strong> 28,800 VPH (4.0 Hz)</li>
  <li><strong>Case Material:</strong> STAINLESS STEEL</li>
  <li><strong>Glass:</strong> SAPPHIRE CRYSTAL GLASS</li>
  <li><strong>Case Diameter:</strong> 44mm</li>
  <li><strong>Water Resistance:</strong> 50M (5 ATM)</li>
  <li><strong>Strap:</strong> LEATHER (BLACK)</li>
  <li><strong>Clasp:</strong> Push Button Hidden Clasp</li>
  <li><strong>Warranty:</strong> 24.0 Months Official Manufacturer Warranty</li>
</ul>
<h3>Compliance & Care</h3>
<p><strong>Country of Origin:</strong> People’s Republic of China</p>
<p><strong>Manufacturer:</strong> Guangzhou Hengbaoluo Technology Co., Ltd.</p>
<p><strong>Importer / Packer:</strong> Rise N Be Original Lifestyle Pvt Ltd, Building No. 3, 4th Floor, Block M, DLF City Phase II, Road Number 5, Sector 25, Gurugram, Haryana 122008, India</p>",HANBORO,Apparel & Accessories > Jewelry > Watches,Luxury Automatic Watches,"HANBORO, Luxury Watches, Automatic, CLASSIC, 3D Globe Carve Central Flywheel, HBR-2712-AUTO-SLV-TIRANGA, Model-2712, Skeleton",TRUE,Title,Default Title,,,,,HBR-2712-AUTO-SLV-TIRANGA,250,shopify,8,continue,manual,29599,36999,TRUE,TRUE,HBR-2712-AUTO-SLV-TIRANGA,https://hanborowatches.in/transparent/hbr-2712-auto-slv-tiranga.webp,1,Hanboro WorldMaster Tricolour – 3D Globe Open-Heart Automatic Watch (Silver) - Reference HBR-2712-AUTO-SLV-TIRANGA,FALSE,Hanboro WorldMaster Tricolour – 3D Globe Open-Heart Automatic Watch (Silver),A 3D globe automatic watch in rose gold with tricolour dial accents and a central open-heart flywheel — built for bold global collectors.,Apparel & Accessories > Jewelry > Watches,Unisex,Adult,HBR-2712-AUTO-SLV-TIRANGA,new,FALSE,,,,,,https://hanborowatches.in/transparent/hbr-2712-auto-slv-tiranga.webp,g,,,active
hbr-2712-auto-slv-tiranga,,,,,,,,,,,,,,,,,,,,,,,,,https://hanborowatches.in/watch-world-map-tourbillon-silver-front-transparent.webp,2,Hanboro WorldMaster Tricolour – 3D Globe Open-Heart Automatic Watch (Silver) - View 2,,,,,,,,,,,,,,,,,,,
hbr-2712-auto-slv-tiranga,,,,,,,,,,,,,,,,,,,,,,,,,https://hanborowatches.in/watch-world-map-tourbillon-silver-isometric-transparent.webp,3,Hanboro WorldMaster Tricolour – 3D Globe Open-Heart Automatic Watch (Silver) - View 3,,,,,,,,,,,,,,,,,,,
hbr-2712-auto-slv-tiranga,,,,,,,,,,,,,,,,,,,,,,,,,https://hanborowatches.in/watch-world-map-tourbillon-silver-space.webp,4,Hanboro WorldMaster Tricolour – 3D Globe Open-Heart Automatic Watch (Silver) - View 4,,,,,,,,,,,,,,,,,,,
hbr-2712-auto-slv-tiranga,,,,,,,,,,,,,,,,,,,,,,,,,https://hanborowatches.in/watch-world-map-tourbillon-silver-wrist-studio.webp,5,Hanboro WorldMaster Tricolour – 3D Globe Open-Heart Automatic Watch (Silver) - View 5,,,,,,,,,,,,,,,,,,,
hbr-2712-auto-slv-tiranga,,,,,,,,,,,,,,,,,,,,,,,,,https://hanborowatches.in/watch-world-map-tourbillon-silver-wrist-sky.webp,6,Hanboro WorldMaster Tricolour – 3D Globe Open-Heart Automatic Watch (Silver) - View 6,,,,,,,,,,,,,,,,,,,
hbr-2712-auto-slv-tiranga,,,,,,,,,,,,,,,,,,,,,,,,,https://hanborowatches.in/catalog/hbr-2712-auto-slv-tiranga-front.jpg,7,Hanboro WorldMaster Tricolour – 3D Globe Open-Heart Automatic Watch (Silver) - View 7,,,,,,,,,,,,,,,,,,,
hbr-981-auto-gold,Hanboro Frozen Planet – Summit Edition Automatic Watch | 3D Mountain Dial (Royal Gold),"<p>The Hanboro Frozen Planet – Summit Edition captures the clash of elements with a breathtaking 3D dial featuring golden peaks and snow-covered mountains. The open-heart mechanics,and integrated compass create a true explorer’s aesthetic. Crafted in precision 304 steel with luminous detailing and a premium silicone strap, this timepiece blends adventure with artistry—made for those who conquer both summits and style.</p>
<h3>Specifications</h3>
<ul>
  <li><strong>Movement:</strong> Automatic mechanical movement, Power Reserve: ~40 hours, Frequency 21600 times/hour, Stop second function, Automatic/manual winding</li>
  <li><strong>Power Reserve:</strong> 72 Hours</li>
  <li><strong>Jewels:</strong> 33 Synthetic Rubies</li>
  <li><strong>Frequency:</strong> 28,800 VPH (4.0 Hz)</li>
  <li><strong>Case Material:</strong> STAINLESS STEEL</li>
  <li><strong>Glass:</strong> SAPPHIRE CRYSTAL GLASS</li>
  <li><strong>Case Diameter:</strong> 44mm</li>
  <li><strong>Water Resistance:</strong> 50M (5 ATM)</li>
  <li><strong>Strap:</strong> SILICONE (BLACK)</li>
  <li><strong>Clasp:</strong> Push Button Hidden Clasp</li>
  <li><strong>Warranty:</strong> 24.0 Months Official Manufacturer Warranty</li>
</ul>
<h3>Compliance & Care</h3>
<p><strong>Country of Origin:</strong> People’s Republic of China</p>
<p><strong>Manufacturer:</strong> Guangzhou Hengbaoluo Technology Co., Ltd.</p>
<p><strong>Importer / Packer:</strong> Rise N Be Original Lifestyle Pvt Ltd, Building No. 3, 4th Floor, Block M, DLF City Phase II, Road Number 5, Sector 25, Gurugram, Haryana 122008, India</p>",HANBORO,Apparel & Accessories > Jewelry > Watches,Luxury Automatic Watches,"HANBORO, Luxury Watches, Automatic, CLASSIC, 3D Carved Glacier Mountain Dial, HBR-981-AUTO-GOLD, Model-981, Skeleton",TRUE,Title,Default Title,,,,,HBR-981-AUTO-GOLD,250,shopify,8,continue,manual,35999,44999,TRUE,TRUE,HBR-981-AUTO-GOLD,https://hanborowatches.in/transparent/hbr-981-auto-gold.webp,1,Hanboro Frozen Planet – Summit Edition Automatic Watch | 3D Mountain Dial (Royal Gold) - Reference HBR-981-AUTO-GOLD,FALSE,Hanboro Frozen Planet – Summit Edition Automatic Watch | 3D Mountain Dial (Royal Gold),30-9-2025,Apparel & Accessories > Jewelry > Watches,Unisex,Adult,HBR-981-AUTO-GOLD,new,FALSE,,,,,,https://hanborowatches.in/transparent/hbr-981-auto-gold.webp,g,,,active
hbr-981-auto-gold,,,,,,,,,,,,,,,,,,,,,,,,,https://hanborowatches.in/watch-volcano-glacier-compass-gold-macro-transparent.webp,2,Hanboro Frozen Planet – Summit Edition Automatic Watch | 3D Mountain Dial (Royal Gold) - View 2,,,,,,,,,,,,,,,,,,,
hbr-981-auto-gold,,,,,,,,,,,,,,,,,,,,,,,,,https://hanborowatches.in/catalog/hbr-981-auto-gold-view-1.png,3,Hanboro Frozen Planet – Summit Edition Automatic Watch | 3D Mountain Dial (Royal Gold) - View 3,,,,,,,,,,,,,,,,,,,
hbr-981-auto-gold,,,,,,,,,,,,,,,,,,,,,,,,,https://hanborowatches.in/catalog/hbr-981-auto-gold-view-2.png,4,Hanboro Frozen Planet – Summit Edition Automatic Watch | 3D Mountain Dial (Royal Gold) - View 4,,,,,,,,,,,,,,,,,,,
hbr-981-auto-gold,,,,,,,,,,,,,,,,,,,,,,,,,https://hanborowatches.in/catalog/hbr-981-auto-gold-lume.jpg,5,Hanboro Frozen Planet – Summit Edition Automatic Watch | 3D Mountain Dial (Royal Gold) - View 5,,,,,,,,,,,,,,,,,,,
hbr-981-auto-gold,,,,,,,,,,,,,,,,,,,,,,,,,https://hanborowatches.in/catalog/hbr-981-auto-gold-front.jpg,6,Hanboro Frozen Planet – Summit Edition Automatic Watch | 3D Mountain Dial (Royal Gold) - View 6,,,,,,,,,,,,,,,,,,,
hbr-2712-auto-rgold,Hanboro WorldMaster – 3D Globe Carve Automatic Watch | Central Flywheel Edition (Rose Gold),"<p>The Hanboro WorldMaster – Globe Carve Edition celebrates the art of world-class horology. Its striking dial features 3D hand-carved continents floating over a deep royal blue base, centered around a mesmerizing open flywheel. A curved crystal dome amplifies the depth of the sculpture, while the leather strap and butterfly clasp complete the elegance. A statement timepiece for collectors who appreciate global artistry and mechanical mastery.</p>
<h3>Specifications</h3>
<ul>
  <li><strong>Movement:</strong> Automatic mechanical movement, Power Reserve: ~40 hours, Frequency 21600 times/hour, Stop second function, Automatic/manual winding</li>
  <li><strong>Power Reserve:</strong> 52 Hours</li>
  <li><strong>Jewels:</strong> 33 Synthetic Rubies</li>
  <li><strong>Frequency:</strong> 28,800 VPH (4.0 Hz)</li>
  <li><strong>Case Material:</strong> STAINLESS STEEL</li>
  <li><strong>Glass:</strong> SAPPHIRE CRYSTAL GLASS</li>
  <li><strong>Case Diameter:</strong> 44mm</li>
  <li><strong>Water Resistance:</strong> 50M (5 ATM)</li>
  <li><strong>Strap:</strong> LEATHER (BLACK)</li>
  <li><strong>Clasp:</strong> Push Button Hidden Clasp</li>
  <li><strong>Warranty:</strong> 24.0 Months Official Manufacturer Warranty</li>
</ul>
<h3>Compliance & Care</h3>
<p><strong>Country of Origin:</strong> People’s Republic of China</p>
<p><strong>Manufacturer:</strong> Guangzhou Hengbaoluo Technology Co., Ltd.</p>
<p><strong>Importer / Packer:</strong> Rise N Be Original Lifestyle Pvt Ltd, Building No. 3, 4th Floor, Block M, DLF City Phase II, Road Number 5, Sector 25, Gurugram, Haryana 122008, India</p>",HANBORO,Apparel & Accessories > Jewelry > Watches,Luxury Automatic Watches,"HANBORO, Luxury Watches, Automatic, CLASSIC, 3D Globe Carve Central Flywheel, HBR-2712-AUTO-RGOLD, Model-2712, Skeleton",TRUE,Title,Default Title,,,,,HBR-2712-AUTO-RGOLD,250,shopify,8,continue,manual,29599,36999,TRUE,TRUE,HBR-2712-AUTO-RGOLD,https://hanborowatches.in/transparent/hbr-2712-auto-rgold.webp,1,Hanboro WorldMaster – 3D Globe Carve Automatic Watch | Central Flywheel Edition (Rose Gold) - Reference HBR-2712-AUTO-RGOLD,FALSE,Hanboro WorldMaster – 3D Globe Carve Automatic Watch | Central Flywheel Edition (Rose Gold),30-9-2025,Apparel & Accessories > Jewelry > Watches,Unisex,Adult,HBR-2712-AUTO-RGOLD,new,FALSE,,,,,,https://hanborowatches.in/transparent/hbr-2712-auto-rgold.webp,g,,,active
hbr-2712-auto-rgold,,,,,,,,,,,,,,,,,,,,,,,,,https://hanborowatches.in/watch-world-map-tourbillon-rosegold-front-transparent.webp,2,Hanboro WorldMaster – 3D Globe Carve Automatic Watch | Central Flywheel Edition (Rose Gold) - View 2,,,,,,,,,,,,,,,,,,,
hbr-2712-auto-rgold,,,,,,,,,,,,,,,,,,,,,,,,,https://hanborowatches.in/watch-world-map-tourbillon-rosegold-clasp-transparent.webp,3,Hanboro WorldMaster – 3D Globe Carve Automatic Watch | Central Flywheel Edition (Rose Gold) - View 3,,,,,,,,,,,,,,,,,,,
hbr-2712-auto-rgold,,,,,,,,,,,,,,,,,,,,,,,,,https://hanborowatches.in/watch-world-map-tourbillon-rosegold-isometric-transparent.webp,4,Hanboro WorldMaster – 3D Globe Carve Automatic Watch | Central Flywheel Edition (Rose Gold) - View 4,,,,,,,,,,,,,,,,,,,
hbr-2712-auto-rgold,,,,,,,,,,,,,,,,,,,,,,,,,https://hanborowatches.in/watch-world-map-tourbillon-rosegold-earth-orbit.webp,5,Hanboro WorldMaster – 3D Globe Carve Automatic Watch | Central Flywheel Edition (Rose Gold) - View 5,,,,,,,,,,,,,,,,,,,
hbr-2712-auto-rgold,,,,,,,,,,,,,,,,,,,,,,,,,https://hanborowatches.in/watch-world-map-tourbillon-rosegold-night-orbit.webp,6,Hanboro WorldMaster – 3D Globe Carve Automatic Watch | Central Flywheel Edition (Rose Gold) - View 6,,,,,,,,,,,,,,,,,,,
hbr-2712-auto-rgold,,,,,,,,,,,,,,,,,,,,,,,,,https://hanborowatches.in/catalog/hbr-2712-auto-rgold-front.jpg,7,Hanboro WorldMaster – 3D Globe Carve Automatic Watch | Central Flywheel Edition (Rose Gold) - View 7,,,,,,,,,,,,,,,,,,,
hbr-945-3-auto-black,Hanboro CarbonX ChronoTech – Tonneau Skeleton Automatic Watch | Carbon Fiber Edition (Black),"<p>The Hanboro CarbonX ChronoTech brings racing DNA to the wrist with its bold tonneau-shaped carbon fiber case and multi-layer skeleton mechanics. Powered by a Japanese multifunction automatic movement, it features luminous detailing, 24-hour display, and a precision small-seconds dial. A sapphire crystal and quick-release silicone strap complete this high-performance luxury machine — crafted for those who live fast and think bold.</p>
<h3>Specifications</h3>
<ul>
  <li><strong>Movement:</strong> Japanese Multifunction Automatic movement, Carbon fiber case construction, Power Reserve: 42 hours, Frequency 21600 times/hour, Stop second function, Automatic/manual winding</li>
  <li><strong>Power Reserve:</strong> 48 Hours</li>
  <li><strong>Jewels:</strong> 21 Synthetic Rubies & Heat-Blued Screws</li>
  <li><strong>Frequency:</strong> 28,800 VPH (4.0 Hz)</li>
  <li><strong>Case Material:</strong> STAINLESS STEEL</li>
  <li><strong>Glass:</strong> SAPPHIRE CRYSTAL GLASS</li>
  <li><strong>Case Diameter:</strong> 42mm</li>
  <li><strong>Water Resistance:</strong> 100M (10 ATM)</li>
  <li><strong>Strap:</strong> SILICONE (MULTI)</li>
  <li><strong>Clasp:</strong> Push Button Hidden Clasp</li>
  <li><strong>Warranty:</strong> 24.0 Months Official Manufacturer Warranty</li>
</ul>
<h3>Compliance & Care</h3>
<p><strong>Country of Origin:</strong> People’s Republic of China</p>
<p><strong>Manufacturer:</strong> Guangzhou Hengbaoluo Technology Co., Ltd.</p>
<p><strong>Importer / Packer:</strong> Rise N Be Original Lifestyle Pvt Ltd, Building No. 3, 4th Floor, Block M, DLF City Phase II, Road Number 5, Sector 25, Gurugram, Haryana 122008, India</p>",HANBORO,Apparel & Accessories > Jewelry > Watches,Luxury Automatic Watches,"HANBORO, Luxury Watches, Automatic, TONNEAU, CarbonX ChronoTech Tonneau Skeleton, HBR-945-3-AUTO-BLACK, Model-945-3, Skeleton",TRUE,Title,Default Title,,,,,HBR-945-3-AUTO-BLACK,250,shopify,8,continue,manual,35999,44999,TRUE,TRUE,HBR-945-3-AUTO-BLACK,https://hanborowatches.in/transparent/hbr-945-3-auto-black.webp,1,Hanboro CarbonX ChronoTech – Tonneau Skeleton Automatic Watch | Carbon Fiber Edition (Black) - Reference HBR-945-3-AUTO-BLACK,FALSE,Hanboro CarbonX ChronoTech – Tonneau Skeleton Automatic Watch | Carbon Fiber Edition (Black),30-9-2025,Apparel & Accessories > Jewelry > Watches,Unisex,Adult,HBR-945-3-AUTO-BLACK,new,FALSE,,,,,,https://hanborowatches.in/transparent/hbr-945-3-auto-black.webp,g,,,active
hbr-945-3-auto-black,,,,,,,,,,,,,,,,,,,,,,,,,https://hanborowatches.in/catalog/hbr-945-3-auto-black-view-1.jpg,2,Hanboro CarbonX ChronoTech – Tonneau Skeleton Automatic Watch | Carbon Fiber Edition (Black) - View 2,,,,,,,,,,,,,,,,,,,
hbr-945-3-auto-black,,,,,,,,,,,,,,,,,,,,,,,,,https://hanborowatches.in/catalog/hbr-945-3-auto-black-view-2.png,3,Hanboro CarbonX ChronoTech – Tonneau Skeleton Automatic Watch | Carbon Fiber Edition (Black) - View 3,,,,,,,,,,,,,,,,,,,
hbr-945-3-auto-black,,,,,,,,,,,,,,,,,,,,,,,,,https://hanborowatches.in/catalog/hbr-945-3-auto-black-view-3.png,4,Hanboro CarbonX ChronoTech – Tonneau Skeleton Automatic Watch | Carbon Fiber Edition (Black) - View 4,,,,,,,,,,,,,,,,,,,
hbr-945-3-auto-black,,,,,,,,,,,,,,,,,,,,,,,,,https://hanborowatches.in/catalog/hbr-945-3-auto-black-view-4.png,5,Hanboro CarbonX ChronoTech – Tonneau Skeleton Automatic Watch | Carbon Fiber Edition (Black) - View 5,,,,,,,,,,,,,,,,,,,
hbr-945-3-auto-black,,,,,,,,,,,,,,,,,,,,,,,,,https://hanborowatches.in/catalog/hbr-945-3-auto-black-view-5.jpg,6,Hanboro CarbonX ChronoTech – Tonneau Skeleton Automatic Watch | Carbon Fiber Edition (Black) - View 6,,,,,,,,,,,,,,,,,,,
hbr-945-3-auto-black,,,,,,,,,,,,,,,,,,,,,,,,,https://hanborowatches.in/catalog/hbr-945-3-auto-black-front.jpg,7,Hanboro CarbonX ChronoTech – Tonneau Skeleton Automatic Watch | Carbon Fiber Edition (Black) - View 7,,,,,,,,,,,,,,,,,,,
hbr-945-3-auto-white,Hanboro CarbonX ChronoTech – Tonneau Skeleton Automatic Watch | Carbon Fiber Edition (White),"<p>The Hanboro CarbonX ChronoTech brings racing DNA to the wrist with its bold tonneau-shaped carbon fiber case and multi-layer skeleton mechanics. Powered by a Japanese multifunction automatic movement, it features luminous detailing, 24-hour display, and a precision small-seconds dial. A sapphire crystal and quick-release silicone strap complete this high-performance luxury machine — crafted for those who live fast and think bold.</p>
<h3>Specifications</h3>
<ul>
  <li><strong>Movement:</strong> Japanese Multifunction Automatic movement, Carbon fiber case construction, Power Reserve: 42 hours, Frequency 21600 times/hour, Stop second function, Automatic/manual winding</li>
  <li><strong>Power Reserve:</strong> 48 Hours</li>
  <li><strong>Jewels:</strong> 21 Synthetic Rubies & Heat-Blued Screws</li>
  <li><strong>Frequency:</strong> 28,800 VPH (4.0 Hz)</li>
  <li><strong>Case Material:</strong> STAINLESS STEEL</li>
  <li><strong>Glass:</strong> SAPPHIRE CRYSTAL GLASS</li>
  <li><strong>Case Diameter:</strong> 42mm</li>
  <li><strong>Water Resistance:</strong> 100M (10 ATM)</li>
  <li><strong>Strap:</strong> SILICONE (MULTI)</li>
  <li><strong>Clasp:</strong> Push Button Hidden Clasp</li>
  <li><strong>Warranty:</strong> 24.0 Months Official Manufacturer Warranty</li>
</ul>
<h3>Compliance & Care</h3>
<p><strong>Country of Origin:</strong> People’s Republic of China</p>
<p><strong>Manufacturer:</strong> Guangzhou Hengbaoluo Technology Co., Ltd.</p>
<p><strong>Importer / Packer:</strong> Rise N Be Original Lifestyle Pvt Ltd, Building No. 3, 4th Floor, Block M, DLF City Phase II, Road Number 5, Sector 25, Gurugram, Haryana 122008, India</p>",HANBORO,Apparel & Accessories > Jewelry > Watches,Luxury Automatic Watches,"HANBORO, Luxury Watches, Automatic, TONNEAU, CarbonX ChronoTech Tonneau Skeleton, HBR-945-3-AUTO-WHITE, Model-945-3, Skeleton",TRUE,Title,Default Title,,,,,HBR-945-3-AUTO-WHITE,250,shopify,8,continue,manual,35999,44999,TRUE,TRUE,HBR-945-3-AUTO-WHITE,https://hanborowatches.in/transparent/hbr-945-3-auto-white.webp,1,Hanboro CarbonX ChronoTech – Tonneau Skeleton Automatic Watch | Carbon Fiber Edition (White) - Reference HBR-945-3-AUTO-WHITE,FALSE,Hanboro CarbonX ChronoTech – Tonneau Skeleton Automatic Watch | Carbon Fiber Edition (White),30-9-2025,Apparel & Accessories > Jewelry > Watches,Unisex,Adult,HBR-945-3-AUTO-WHITE,new,FALSE,,,,,,https://hanborowatches.in/transparent/hbr-945-3-auto-white.webp,g,,,active
hbr-945-3-auto-white,,,,,,,,,,,,,,,,,,,,,,,,,https://hanborowatches.in/watch-arctic-tonneau-10atm-white-front-transparent.webp,2,Hanboro CarbonX ChronoTech – Tonneau Skeleton Automatic Watch | Carbon Fiber Edition (White) - View 2,,,,,,,,,,,,,,,,,,,
hbr-945-3-auto-white,,,,,,,,,,,,,,,,,,,,,,,,,https://hanborowatches.in/catalog/hbr-945-3-auto-white-view-1.png,3,Hanboro CarbonX ChronoTech – Tonneau Skeleton Automatic Watch | Carbon Fiber Edition (White) - View 3,,,,,,,,,,,,,,,,,,,
hbr-945-3-auto-white,,,,,,,,,,,,,,,,,,,,,,,,,https://hanborowatches.in/catalog/hbr-945-3-auto-white-view-2.jpg,4,Hanboro CarbonX ChronoTech – Tonneau Skeleton Automatic Watch | Carbon Fiber Edition (White) - View 4,,,,,,,,,,,,,,,,,,,
hbr-945-3-auto-white,,,,,,,,,,,,,,,,,,,,,,,,,https://hanborowatches.in/catalog/hbr-945-3-auto-white-view-3.jpg,5,Hanboro CarbonX ChronoTech – Tonneau Skeleton Automatic Watch | Carbon Fiber Edition (White) - View 5,,,,,,,,,,,,,,,,,,,
hbr-945-3-auto-white,,,,,,,,,,,,,,,,,,,,,,,,,https://hanborowatches.in/catalog/hbr-945-3-auto-white-lume.jpg,6,Hanboro CarbonX ChronoTech – Tonneau Skeleton Automatic Watch | Carbon Fiber Edition (White) - View 6,,,,,,,,,,,,,,,,,,,
hbr-945-3-auto-white,,,,,,,,,,,,,,,,,,,,,,,,,https://hanborowatches.in/catalog/hbr-945-3-auto-white-front.jpg,7,Hanboro CarbonX ChronoTech – Tonneau Skeleton Automatic Watch | Carbon Fiber Edition (White) - View 7,,,,,,,,,,,,,,,,,,,
hbr-8022-1-auto-stellar,Hanboro StellarComplication – Celestial Skeleton Automatic Watch,"<p>A masterpiece of mechanical artistry, the Hanboro StellarComplication blends a full-skeleton dial with day, date, month, and moon-phase displays—crafted for true collectors. The diamond-cut steel case, sapphire-bright crystal, and luminous detailing give it a commanding presence from day to night. Paired with a solid steel bracelet, it’s a premium complication watch built for those who appreciate depth, detail, and distinction.</p>
<h3>Specifications</h3>
<ul>
  <li><strong>Movement:</strong> Automatic mechanical movement, Skeleton open-heart design, Power Reserve: ~40 hours, Frequency 21600 times/hour, Automatic/manual winding</li>
  <li><strong>Power Reserve:</strong> 48 Hours</li>
  <li><strong>Jewels:</strong> 29 Synthetic Rubies</li>
  <li><strong>Frequency:</strong> 28,800 VPH (4.0 Hz)</li>
  <li><strong>Case Material:</strong> STAINLESS STEEL</li>
  <li><strong>Glass:</strong> SAPPHIRE CRYSTAL GLASS</li>
  <li><strong>Case Diameter:</strong> 42mm</li>
  <li><strong>Water Resistance:</strong> 50M (5 ATM)</li>
  <li><strong>Strap:</strong> STAINLESS STEEL (STAINLESS STEEL)</li>
  <li><strong>Clasp:</strong> ouble press insurance buckle,</li>
  <li><strong>Warranty:</strong> 24.0 Months Official Manufacturer Warranty</li>
</ul>
<h3>Compliance & Care</h3>
<p><strong>Country of Origin:</strong> People’s Republic of China</p>
<p><strong>Manufacturer:</strong> Guangzhou Hengbaoluo Technology Co., Ltd.</p>
<p><strong>Importer / Packer:</strong> Rise N Be Original Lifestyle Pvt Ltd, Building No. 3, 4th Floor, Block M, DLF City Phase II, Road Number 5, Sector 25, Gurugram, Haryana 122008, India</p>",HANBORO,Apparel & Accessories > Jewelry > Watches,Luxury Automatic Watches,"HANBORO, Luxury Watches, Automatic, TOURBILLON, Celestial Astronomical Tourbillon, HBR-8022-1-AUTO-STELLAR, Model-8022-1, Skeleton",TRUE,Title,Default Title,,,,,HBR-8022-1-AUTO-STELLAR,250,shopify,8,continue,manual,33599,41999,TRUE,TRUE,HBR-8022-1-AUTO-STELLAR,https://hanborowatches.in/transparent/hbr-8022-1-auto-stellar.webp,1,Hanboro StellarComplication – Celestial Skeleton Automatic Watch - Reference HBR-8022-1-AUTO-STELLAR,FALSE,Hanboro StellarComplication – Celestial Skeleton Automatic Watch,30-9-2025,Apparel & Accessories > Jewelry > Watches,Unisex,Adult,HBR-8022-1-AUTO-STELLAR,new,FALSE,,,,,,https://hanborowatches.in/transparent/hbr-8022-1-auto-stellar.webp,g,,,active
hbr-8022-1-auto-stellar,,,,,,,,,,,,,,,,,,,,,,,,,https://hanborowatches.in/transparent/octagonal-skeleton-steel.webp,2,Hanboro StellarComplication – Celestial Skeleton Automatic Watch - View 2,,,,,,,,,,,,,,,,,,,
hbr-8022-1-auto-stellar,,,,,,,,,,,,,,,,,,,,,,,,,https://hanborowatches.in/catalog/hbr-8022-1-auto-stellar-view-1.png,3,Hanboro StellarComplication – Celestial Skeleton Automatic Watch - View 3,,,,,,,,,,,,,,,,,,,
hbr-8022-1-auto-stellar,,,,,,,,,,,,,,,,,,,,,,,,,https://hanborowatches.in/catalog/hbr-8022-1-auto-stellar-view-2.png,4,Hanboro StellarComplication – Celestial Skeleton Automatic Watch - View 4,,,,,,,,,,,,,,,,,,,
hbr-8022-1-auto-stellar,,,,,,,,,,,,,,,,,,,,,,,,,https://hanborowatches.in/catalog/hbr-8022-1-auto-stellar-view-3.jpg,5,Hanboro StellarComplication – Celestial Skeleton Automatic Watch - View 5,,,,,,,,,,,,,,,,,,,
hbr-8022-1-auto-stellar,,,,,,,,,,,,,,,,,,,,,,,,,https://hanborowatches.in/catalog/hbr-8022-1-auto-stellar-view-4.jpg,6,Hanboro StellarComplication – Celestial Skeleton Automatic Watch - View 6,,,,,,,,,,,,,,,,,,,
hbr-8022-1-auto-stellar,,,,,,,,,,,,,,,,,,,,,,,,,https://hanborowatches.in/catalog/hbr-8022-1-auto-stellar-front.jpg,7,Hanboro StellarComplication – Celestial Skeleton Automatic Watch - View 7,,,,,,,,,,,,,,,,,,,
hbr-900-3-auto-black,Hanboro CarbonForge – Full Carbon Skeleton Automatic Watch,"<p>The Hanboro CarbonForge is built for collectors who crave bold engineering. Its carbon-fiber steel case frames a fully openworked dial with week, month, and date displays, powered by the JHS19 automatic movement. Luminous accents ignite the skeleton bridges at night, while a sapphire-grade crystal and transparent caseback reveal every mechanical detail. Finished with a premium silicone strap, this 44.5mm timepiece is crafted for those who live fast and lead with style.</p>
<h3>Specifications</h3>
<ul>
  <li><strong>Movement:</strong> JHS19 automatic mechanical movement, Power Reserve: 40 hours, Frequency 21600 times/hour, Stop second function, Automatic/manual winding</li>
  <li><strong>Power Reserve:</strong> 50 Hours</li>
  <li><strong>Jewels:</strong> 29 Synthetic Rubies & Titanium Screws</li>
  <li><strong>Frequency:</strong> 28,800 VPH (4.0 Hz)</li>
  <li><strong>Case Material:</strong> STAINLESS STEEL</li>
  <li><strong>Glass:</strong> SAPPHIRE CRYSTAL GLASS</li>
  <li><strong>Case Diameter:</strong> 44.5mm</li>
  <li><strong>Water Resistance:</strong> 100M (10 ATM)</li>
  <li><strong>Strap:</strong> SILICONE (BLACK)</li>
  <li><strong>Clasp:</strong> Push Button Hidden Clasp</li>
  <li><strong>Warranty:</strong> 24.0 Months Official Manufacturer Warranty</li>
</ul>
<h3>Compliance & Care</h3>
<p><strong>Country of Origin:</strong> People’s Republic of China</p>
<p><strong>Manufacturer:</strong> Guangzhou Hengbaoluo Technology Co., Ltd.</p>
<p><strong>Importer / Packer:</strong> Rise N Be Original Lifestyle Pvt Ltd, Building No. 3, 4th Floor, Block M, DLF City Phase II, Road Number 5, Sector 25, Gurugram, Haryana 122008, India</p>",HANBORO,Apparel & Accessories > Jewelry > Watches,Luxury Automatic Watches,"HANBORO, Luxury Watches, Automatic, TONNEAU, CarbonForge Full Carbon Automatic, HBR-900-3-AUTO-BLACK, Model-900-3, Skeleton",TRUE,Title,Default Title,,,,,HBR-900-3-AUTO-BLACK,250,shopify,8,continue,manual,29599,36999,TRUE,TRUE,HBR-900-3-AUTO-BLACK,https://hanborowatches.in/transparent/hbr-900-3-auto-black.webp,1,Hanboro CarbonForge – Full Carbon Skeleton Automatic Watch - Reference HBR-900-3-AUTO-BLACK,FALSE,Hanboro CarbonForge – Full Carbon Skeleton Automatic Watch,30-9-2025,Apparel & Accessories > Jewelry > Watches,Unisex,Adult,HBR-900-3-AUTO-BLACK,new,FALSE,,,,,,https://hanborowatches.in/transparent/hbr-900-3-auto-black.webp,g,,,active
hbr-900-3-auto-black,,,,,,,,,,,,,,,,,,,,,,,,,https://hanborowatches.in/transparent/forged-carbon-tonneau-tourbillon.webp,2,Hanboro CarbonForge – Full Carbon Skeleton Automatic Watch - View 2,,,,,,,,,,,,,,,,,,,
hbr-900-3-auto-black,,,,,,,,,,,,,,,,,,,,,,,,,https://hanborowatches.in/catalog/hbr-900-3-auto-black-view-1.jpg,3,Hanboro CarbonForge – Full Carbon Skeleton Automatic Watch - View 3,,,,,,,,,,,,,,,,,,,
hbr-900-3-auto-black,,,,,,,,,,,,,,,,,,,,,,,,,https://hanborowatches.in/catalog/hbr-900-3-auto-black-view-2.jpg,4,Hanboro CarbonForge – Full Carbon Skeleton Automatic Watch - View 4,,,,,,,,,,,,,,,,,,,
hbr-900-3-auto-black,,,,,,,,,,,,,,,,,,,,,,,,,https://hanborowatches.in/catalog/hbr-900-3-auto-black-view-3.jpg,5,Hanboro CarbonForge – Full Carbon Skeleton Automatic Watch - View 5,,,,,,,,,,,,,,,,,,,
hbr-900-3-auto-black,,,,,,,,,,,,,,,,,,,,,,,,,https://hanborowatches.in/catalog/hbr-900-3-auto-black-view-4.jpg,6,Hanboro CarbonForge – Full Carbon Skeleton Automatic Watch - View 6,,,,,,,,,,,,,,,,,,,
hbr-900-3-auto-black,,,,,,,,,,,,,,,,,,,,,,,,,https://hanborowatches.in/catalog/hbr-900-3-auto-black-front.jpg,7,Hanboro CarbonForge – Full Carbon Skeleton Automatic Watch - View 7,,,,,,,,,,,,,,,,,,,
hbr-aero-997-rg-blk,AeroTwin 997 Series – Dual Movement Skeleton Watch (Rose Gold & Black Edition),"<p>The AeroTwin 997 Series is an exploration of precision, form, and mechanical expression.</p><p>Defined by its dual-engine architecture, the dial reveals a controlled interplay between movement and structure. A partially open-worked design exposes the rhythm of the mechanism, while maintaining a sense of balance and restraint.</p><p>Crafted in 304 stainless steel with a rose gold finish, the case reflects strength with refinement. The black strap anchors the composition, offering contrast and continuity.</p><p>Every detail serves a purpose. Nothing is excess.</p><p>The AeroTwin 997 Series is not simply worn. It is experienced.</p>
<h3>Specifications</h3>
<ul>
  <li><strong>Movement:</strong> Automatic Multifunction movement, 304 Stainless Steel case, Power Reserve: 40 hours, Frequency 21600 times/hour, Stop second function, Automatic/manual winding</li>
  <li><strong>Power Reserve:</strong> ~42 Hours</li>
  <li><strong>Jewels:</strong> 24 Synthetic Rubies</li>
  <li><strong>Frequency:</strong> 28,800 BPH (4 Hz)</li>
  <li><strong>Case Material:</strong> STAINLESS STEEL</li>
  <li><strong>Glass:</strong> SAPPHIRE</li>
  <li><strong>Case Diameter:</strong> 42mm</li>
  <li><strong>Water Resistance:</strong> 50M</li>
  <li><strong>Strap:</strong> LEATHER (BLACK)</li>
  <li><strong>Clasp:</strong> DOUBLE PRESS BUTTERFLY CLASP</li>
  <li><strong>Warranty:</strong> 24.0 Months Official Manufacturer Warranty</li>
</ul>
<h3>Compliance & Care</h3>
<p><strong>Country of Origin:</strong> People’s Republic of China</p>
<p><strong>Manufacturer:</strong> Guangzhou Hengbaoluo Technology Co., Ltd.</p>
<p><strong>Importer / Packer:</strong> Rise N Be Original Lifestyle Pvt Ltd, Building No. 3, 4th Floor, Block M, DLF City Phase II, Road Number 5, Sector 25, Gurugram, Haryana 122008, India</p>",HANBORO,Apparel & Accessories > Jewelry > Watches,Luxury Automatic Watches,"HANBORO, Luxury Watches, Automatic, TONNEAU, AeroTwin Dual Movement, HBR-AERO-997-RG-BLK, Model-997, Skeleton",TRUE,Title,Default Title,,,,,HBR-AERO-997-RG-BLK,250,shopify,10,continue,manual,43999,54999,TRUE,TRUE,HBR-AERO-997-RG-BLK,https://hanborowatches.in/catalog/hbr-aero-997-rg-blk-front.png,1,AeroTwin 997 Series – Dual Movement Skeleton Watch (Rose Gold & Black Edition) - Reference HBR-AERO-997-RG-BLK,FALSE,AeroTwin 997 Series – Dual Movement Skeleton Watch (Rose Gold & Black Edition),Dual movement meets aviation-inspired design in the AeroTwin 997 Series—a bold skeleton watch crafted for precision and style.,Apparel & Accessories > Jewelry > Watches,Unisex,Adult,HBR-AERO-997-RG-BLK,new,FALSE,,,,,,https://hanborowatches.in/catalog/hbr-aero-997-rg-blk-front.png,g,,,active
hbr-aero-997-rg-blk,,,,,,,,,,,,,,,,,,,,,,,,,https://hanborowatches.in/catalog/hbr-aero-997-rg-blk-view-1.png,2,AeroTwin 997 Series – Dual Movement Skeleton Watch (Rose Gold & Black Edition) - View 2,,,,,,,,,,,,,,,,,,,
hbr-aero-997-rg-blk,,,,,,,,,,,,,,,,,,,,,,,,,https://hanborowatches.in/catalog/hbr-aero-997-rg-blk-view-2.png,3,AeroTwin 997 Series – Dual Movement Skeleton Watch (Rose Gold & Black Edition) - View 3,,,,,,,,,,,,,,,,,,,
hbr-aero-997-rg-blk,,,,,,,,,,,,,,,,,,,,,,,,,https://hanborowatches.in/catalog/hbr-aero-997-rg-blk-view-3.jpg,4,AeroTwin 997 Series – Dual Movement Skeleton Watch (Rose Gold & Black Edition) - View 4,,,,,,,,,,,,,,,,,,,
hbr-aero-997-rg-blk,,,,,,,,,,,,,,,,,,,,,,,,,https://hanborowatches.in/catalog/hbr-aero-997-rg-blk-view-4.jpg,5,AeroTwin 997 Series – Dual Movement Skeleton Watch (Rose Gold & Black Edition) - View 5,,,,,,,,,,,,,,,,,,,
hbr-aero-997-blk,AeroTwin 997 Series – Dual Movement Skeleton Watch (Black Edition),"<p>The AeroTwin 997 Series is an exploration of precision, form, and mechanical expression.</p><p>Defined by its dual-engine architecture, the dial reveals a controlled interplay between movement and structure. A partially open-worked design exposes the rhythm of the mechanism, while maintaining a sense of balance and restraint.</p><p>Crafted in 304 stainless steel with a rose gold finish, the case reflects strength with refinement. The black strap anchors the composition, offering contrast and continuity.</p><p>Every detail serves a purpose. Nothing is excess.</p><p>The AeroTwin 997 Series is not simply worn. It is experienced.</p>
<h3>Specifications</h3>
<ul>
  <li><strong>Movement:</strong> Automatic Multifunction movement, 304 Stainless Steel case, Power Reserve: 40 hours, Frequency 21600 times/hour, Stop second function, Automatic/manual winding</li>
  <li><strong>Power Reserve:</strong> ~42 Hours</li>
  <li><strong>Jewels:</strong> 24 Synthetic Rubies</li>
  <li><strong>Frequency:</strong> 28,800 BPH (4 Hz)</li>
  <li><strong>Case Material:</strong> STAINLESS STEEL</li>
  <li><strong>Glass:</strong> SAPPHIRE</li>
  <li><strong>Case Diameter:</strong> 42mm</li>
  <li><strong>Water Resistance:</strong> 50M</li>
  <li><strong>Strap:</strong> LEATHER (BLACK)</li>
  <li><strong>Clasp:</strong> DOUBLE PRESS BUTTERFLY CLASP</li>
  <li><strong>Warranty:</strong> 24.0 Months Official Manufacturer Warranty</li>
</ul>
<h3>Compliance & Care</h3>
<p><strong>Country of Origin:</strong> People’s Republic of China</p>
<p><strong>Manufacturer:</strong> Guangzhou Hengbaoluo Technology Co., Ltd.</p>
<p><strong>Importer / Packer:</strong> Rise N Be Original Lifestyle Pvt Ltd, Building No. 3, 4th Floor, Block M, DLF City Phase II, Road Number 5, Sector 25, Gurugram, Haryana 122008, India</p>",HANBORO,Apparel & Accessories > Jewelry > Watches,Luxury Automatic Watches,"HANBORO, Luxury Watches, Automatic, TONNEAU, AeroTwin Dual Movement, HBR-AERO-997-BLK, Model-997, Skeleton",TRUE,Title,Default Title,,,,,HBR-AERO-997-BLK,250,shopify,10,continue,manual,43999,54999,TRUE,TRUE,HBR-AERO-997-BLK,https://hanborowatches.in/catalog/hbr-aero-997-blk-front.png,1,AeroTwin 997 Series – Dual Movement Skeleton Watch (Black Edition) - Reference HBR-AERO-997-BLK,FALSE,AeroTwin 997 Series – Dual Movement Skeleton Watch (Black Edition),Dual movement meets aviation-inspired design in the AeroTwin 997 Series—a bold skeleton watch crafted for precision and style.,Apparel & Accessories > Jewelry > Watches,Unisex,Adult,HBR-AERO-997-BLK,new,FALSE,,,,,,https://hanborowatches.in/catalog/hbr-aero-997-blk-front.png,g,,,active
hbr-aero-997-blk,,,,,,,,,,,,,,,,,,,,,,,,,https://hanborowatches.in/catalog/hbr-aero-997-blk-view-1.png,2,AeroTwin 997 Series – Dual Movement Skeleton Watch (Black Edition) - View 2,,,,,,,,,,,,,,,,,,,
hbr-aero-997-blk,,,,,,,,,,,,,,,,,,,,,,,,,https://hanborowatches.in/catalog/hbr-aero-997-blk-view-2.png,3,AeroTwin 997 Series – Dual Movement Skeleton Watch (Black Edition) - View 3,,,,,,,,,,,,,,,,,,,
hbr-aero-997-blk,,,,,,,,,,,,,,,,,,,,,,,,,https://hanborowatches.in/catalog/hbr-aero-997-blk-view-3.jpg,4,AeroTwin 997 Series – Dual Movement Skeleton Watch (Black Edition) - View 4,,,,,,,,,,,,,,,,,,,
hbr-aero-997-blk,,,,,,,,,,,,,,,,,,,,,,,,,https://hanborowatches.in/catalog/hbr-aero-997-blk-view-4.jpg,5,AeroTwin 997 Series – Dual Movement Skeleton Watch (Black Edition) - View 5,,,,,,,,,,,,,,,,,,,
hbr-aero-997-silver,AeroTwin 997 Series – Dual Movement Skeleton Watch (Silver Edition),"<p>The AeroTwin 997 Series is an exploration of precision, form, and mechanical expression.</p><p>Defined by its dual-engine architecture, the dial reveals a controlled interplay between movement and structure. A partially open-worked design exposes the rhythm of the mechanism, while maintaining a sense of balance and restraint.</p><p>Crafted in 304 stainless steel with a rose gold finish, the case reflects strength with refinement. The black strap anchors the composition, offering contrast and continuity.</p><p>Every detail serves a purpose. Nothing is excess.</p><p>The AeroTwin 997 Series is not simply worn. It is experienced.</p>
<h3>Specifications</h3>
<ul>
  <li><strong>Movement:</strong> Automatic Multifunction movement, 304 Stainless Steel case, Power Reserve: 40 hours, Frequency 21600 times/hour, Stop second function, Automatic/manual winding</li>
  <li><strong>Power Reserve:</strong> ~42 Hours</li>
  <li><strong>Jewels:</strong> 24 Synthetic Rubies</li>
  <li><strong>Frequency:</strong> 28,800 BPH (4 Hz)</li>
  <li><strong>Case Material:</strong> STAINLESS STEEL</li>
  <li><strong>Glass:</strong> SAPPHIRE</li>
  <li><strong>Case Diameter:</strong> 42mm</li>
  <li><strong>Water Resistance:</strong> 50M</li>
  <li><strong>Strap:</strong> LEATHER (BLACK)</li>
  <li><strong>Clasp:</strong> DOUBLE PRESS BUTTERFLY CLASP</li>
  <li><strong>Warranty:</strong> 24.0 Months Official Manufacturer Warranty</li>
</ul>
<h3>Compliance & Care</h3>
<p><strong>Country of Origin:</strong> People’s Republic of China</p>
<p><strong>Manufacturer:</strong> Guangzhou Hengbaoluo Technology Co., Ltd.</p>
<p><strong>Importer / Packer:</strong> Rise N Be Original Lifestyle Pvt Ltd, Building No. 3, 4th Floor, Block M, DLF City Phase II, Road Number 5, Sector 25, Gurugram, Haryana 122008, India</p>",HANBORO,Apparel & Accessories > Jewelry > Watches,Luxury Automatic Watches,"HANBORO, Luxury Watches, Automatic, TONNEAU, AeroTwin Dual Movement, HBR-AERO-997-SILVER, Model-997, Skeleton",TRUE,Title,Default Title,,,,,HBR-AERO-997-SILVER,250,shopify,10,continue,manual,43999,54999,TRUE,TRUE,HBR-AERO-997-SILVER,https://hanborowatches.in/catalog/hbr-aero-997-silver-front.png,1,AeroTwin 997 Series – Dual Movement Skeleton Watch (Silver Edition) - Reference HBR-AERO-997-SILVER,FALSE,AeroTwin 997 Series – Dual Movement Skeleton Watch (Silver Edition),Dual movement meets aviation-inspired design in the AeroTwin 997 Series—a bold skeleton watch crafted for precision and style.,Apparel & Accessories > Jewelry > Watches,Unisex,Adult,HBR-AERO-997-SILVER,new,FALSE,,,,,,https://hanborowatches.in/catalog/hbr-aero-997-silver-front.png,g,,,active
hbr-aero-997-silver,,,,,,,,,,,,,,,,,,,,,,,,,https://hanborowatches.in/catalog/hbr-aero-997-silver-view-1.png,2,AeroTwin 997 Series – Dual Movement Skeleton Watch (Silver Edition) - View 2,,,,,,,,,,,,,,,,,,,
hbr-aero-997-silver,,,,,,,,,,,,,,,,,,,,,,,,,https://hanborowatches.in/catalog/hbr-aero-997-silver-view-2.png,3,AeroTwin 997 Series – Dual Movement Skeleton Watch (Silver Edition) - View 3,,,,,,,,,,,,,,,,,,,
hbr-aero-997-silver,,,,,,,,,,,,,,,,,,,,,,,,,https://hanborowatches.in/catalog/hbr-aero-997-silver-view-3.jpg,4,AeroTwin 997 Series – Dual Movement Skeleton Watch (Silver Edition) - View 4,,,,,,,,,,,,,,,,,,,
hbr-aero-997-silver,,,,,,,,,,,,,,,,,,,,,,,,,https://hanborowatches.in/catalog/hbr-aero-997-silver-view-4.jpg,5,AeroTwin 997 Series – Dual Movement Skeleton Watch (Silver Edition) - View 5,,,,,,,,,,,,,,,,,,,
hbr-zodiac-1027-2-blue,Hanboro Celestia Astryx Automatic Zodiac Timepiece – Rose Gold & Blue Dial,"<p>The Hanboro Celestia Astryx is a statement of celestial precision and mechanical artistry. Inspired by the movement of the cosmos, this timepiece features an intricately crafted zodiac dial paired with a visible open-heart mechanical system, offering a glimpse into the complexity of its automatic movement.</p><p>Encased in a refined rose gold finish and complemented by a deep blue leather strap, the watch embodies both elegance and innovation. The multi-dimensional dial, enhanced with planetary-inspired elements, creates a distinctive visual experience that sets it apart from conventional timepieces.</p><p>Engineered with precision and designed for those who appreciate individuality, the Celestia Astryx is not just a watch — it is a reflection of time, space, and craftsmanship.</p>
<h3>Specifications</h3>
<ul>
  <li><strong>Movement:</strong> Automatic mechanical movement, 304 Stainless Steel case, 45.5mm, Power Reserve: ~40 hours, Frequency 21600 times/hour, Automatic/manual winding</li>
  <li><strong>Power Reserve:</strong> ~42 Hours</li>
  <li><strong>Jewels:</strong> 24 Synthetic Rubies</li>
  <li><strong>Frequency:</strong> 28,800 BPH (4 Hz)</li>
  <li><strong>Case Material:</strong> STAINLESS STEEL</li>
  <li><strong>Glass:</strong> SAPPHIRE</li>
  <li><strong>Case Diameter:</strong> 45.5mm</li>
  <li><strong>Water Resistance:</strong> 50M</li>
  <li><strong>Strap:</strong> LEATHER (blue)</li>
  <li><strong>Clasp:</strong> DOUBLE PRESS BUTTERFLY CLASP</li>
  <li><strong>Warranty:</strong> 24.0 Months Official Manufacturer Warranty</li>
</ul>
<h3>Compliance & Care</h3>
<p><strong>Country of Origin:</strong> People’s Republic of China</p>
<p><strong>Manufacturer:</strong> Guangzhou Hengbaoluo Technology Co., Ltd.</p>
<p><strong>Importer / Packer:</strong> Rise N Be Original Lifestyle Pvt Ltd, Building No. 3, 4th Floor, Block M, DLF City Phase II, Road Number 5, Sector 25, Gurugram, Haryana 122008, India</p>",HANBORO,Apparel & Accessories > Jewelry > Watches,Luxury Automatic Watches,"HANBORO, Luxury Watches, Automatic, CLASSIC, Celestia Astryx Zodiac, HBR-ZODIAC-1027-2-BLUE, Model-1027-2, Skeleton",TRUE,Title,Default Title,,,,,HBR-ZODIAC-1027-2-BLUE,250,shopify,10,continue,manual,40799,50999,TRUE,TRUE,HBR-ZODIAC-1027-2-BLUE,https://hanborowatches.in/catalog/hbr-zodiac-1027-2-blue-front.png,1,Hanboro Celestia Astryx Automatic Zodiac Timepiece – Rose Gold & Blue Dial - Reference HBR-ZODIAC-1027-2-BLUE,FALSE,Hanboro Celestia Astryx Automatic Zodiac Timepiece – Rose Gold & Blue Dial,"Automatic zodiac timepiece with open-heart movement, celestial dial design, and premium rose gold case.",Apparel & Accessories > Jewelry > Watches,Unisex,Adult,HBR-ZODIAC-1027-2-BLUE,new,FALSE,,,,,,https://hanborowatches.in/catalog/hbr-zodiac-1027-2-blue-front.png,g,,,active
hbr-zodiac-1027-2-blue,,,,,,,,,,,,,,,,,,,,,,,,,https://hanborowatches.in/catalog/hbr-zodiac-1027-2-blue-view-1.png,2,Hanboro Celestia Astryx Automatic Zodiac Timepiece – Rose Gold & Blue Dial - View 2,,,,,,,,,,,,,,,,,,,
hbr-zodiac-1027-2-blue,,,,,,,,,,,,,,,,,,,,,,,,,https://hanborowatches.in/catalog/hbr-zodiac-1027-2-blue-view-2.png,3,Hanboro Celestia Astryx Automatic Zodiac Timepiece – Rose Gold & Blue Dial - View 3,,,,,,,,,,,,,,,,,,,
hbr-zodiac-1027-2-blue,,,,,,,,,,,,,,,,,,,,,,,,,https://hanborowatches.in/catalog/hbr-zodiac-1027-2-blue-view-3.png,4,Hanboro Celestia Astryx Automatic Zodiac Timepiece – Rose Gold & Blue Dial - View 4,,,,,,,,,,,,,,,,,,,
hbr-zodiac-1027-2-blue,,,,,,,,,,,,,,,,,,,,,,,,,https://hanborowatches.in/catalog/hbr-zodiac-1027-2-blue-view-4.jpg,5,Hanboro Celestia Astryx Automatic Zodiac Timepiece – Rose Gold & Blue Dial - View 5,,,,,,,,,,,,,,,,,,,
hbr-zodiac-1027-2-black,Hanboro Celestia Astryx Automatic Zodiac Timepiece – Rose Gold & Black Dial,"<p>The Hanboro Celestia Astryx is a statement of celestial precision and mechanical artistry. Inspired by the movement of the cosmos, this timepiece features an intricately crafted zodiac dial paired with a visible open-heart mechanical system, offering a glimpse into the complexity of its automatic movement.</p><p>Encased in a refined rose gold finish and complemented by a black leather strap, the watch embodies both elegance and innovation. The multi-dimensional dial, enhanced with planetary-inspired elements, creates a distinctive visual experience that sets it apart from conventional timepieces.</p><p>Engineered with precision and designed for those who appreciate individuality, the Celestia Astryx is not just a watch — it is a reflection of time, space, and craftsmanship.</p>
<h3>Specifications</h3>
<ul>
  <li><strong>Movement:</strong> Automatic mechanical movement, 304 Stainless Steel case, 45.5mm, Power Reserve: ~40 hours, Frequency 21600 times/hour, Automatic/manual winding</li>
  <li><strong>Power Reserve:</strong> ~42 Hours</li>
  <li><strong>Jewels:</strong> 24 Synthetic Rubies</li>
  <li><strong>Frequency:</strong> 28,800 BPH (4 Hz)</li>
  <li><strong>Case Material:</strong> STAINLESS STEEL</li>
  <li><strong>Glass:</strong> SAPPHIRE</li>
  <li><strong>Case Diameter:</strong> 45.5mm</li>
  <li><strong>Water Resistance:</strong> 50M</li>
  <li><strong>Strap:</strong> LEATHER (BLACK)</li>
  <li><strong>Clasp:</strong> DOUBLE PRESS BUTTERFLY CLASP</li>
  <li><strong>Warranty:</strong> 24.0 Months Official Manufacturer Warranty</li>
</ul>
<h3>Compliance & Care</h3>
<p><strong>Country of Origin:</strong> People’s Republic of China</p>
<p><strong>Manufacturer:</strong> Guangzhou Hengbaoluo Technology Co., Ltd.</p>
<p><strong>Importer / Packer:</strong> Rise N Be Original Lifestyle Pvt Ltd, Building No. 3, 4th Floor, Block M, DLF City Phase II, Road Number 5, Sector 25, Gurugram, Haryana 122008, India</p>",HANBORO,Apparel & Accessories > Jewelry > Watches,Luxury Automatic Watches,"HANBORO, Luxury Watches, Automatic, CLASSIC, Celestia Astryx Zodiac, HBR-ZODIAC-1027-2-BLACK, Model-1027-2, Skeleton",TRUE,Title,Default Title,,,,,HBR-ZODIAC-1027-2-BLACK,250,shopify,10,continue,manual,40799,50999,TRUE,TRUE,HBR-ZODIAC-1027-2-BLACK,https://hanborowatches.in/catalog/hbr-zodiac-1027-2-black-front.png,1,Hanboro Celestia Astryx Automatic Zodiac Timepiece – Rose Gold & Black Dial - Reference HBR-ZODIAC-1027-2-BLACK,FALSE,Hanboro Celestia Astryx Automatic Zodiac Timepiece – Rose Gold & Black Dial,"Automatic zodiac timepiece with open-heart movement, celestial dial design, and premium rose gold case.",Apparel & Accessories > Jewelry > Watches,Unisex,Adult,HBR-ZODIAC-1027-2-BLACK,new,FALSE,,,,,,https://hanborowatches.in/catalog/hbr-zodiac-1027-2-black-front.png,g,,,active
hbr-zodiac-1027-2-black,,,,,,,,,,,,,,,,,,,,,,,,,https://hanborowatches.in/watch-astroworld-moon-rosegold-front-transparent.webp,2,Hanboro Celestia Astryx Automatic Zodiac Timepiece – Rose Gold & Black Dial - View 2,,,,,,,,,,,,,,,,,,,
hbr-zodiac-1027-2-black,,,,,,,,,,,,,,,,,,,,,,,,,https://hanborowatches.in/catalog/hbr-zodiac-1027-2-blue-view-1.png,3,Hanboro Celestia Astryx Automatic Zodiac Timepiece – Rose Gold & Black Dial - View 3,,,,,,,,,,,,,,,,,,,
hbr-zodiac-1027-2-black,,,,,,,,,,,,,,,,,,,,,,,,,https://hanborowatches.in/catalog/hbr-zodiac-1027-2-blue-view-2.png,4,Hanboro Celestia Astryx Automatic Zodiac Timepiece – Rose Gold & Black Dial - View 4,,,,,,,,,,,,,,,,,,,
hbr-zodiac-1027-2-black,,,,,,,,,,,,,,,,,,,,,,,,,https://hanborowatches.in/catalog/hbr-zodiac-1027-2-blue-view-3.png,5,Hanboro Celestia Astryx Automatic Zodiac Timepiece – Rose Gold & Black Dial - View 5,,,,,,,,,,,,,,,,,,,
hbr-zodiac-1027-2-black,,,,,,,,,,,,,,,,,,,,,,,,,https://hanborowatches.in/catalog/hbr-zodiac-1027-2-blue-view-4.jpg,6,Hanboro Celestia Astryx Automatic Zodiac Timepiece – Rose Gold & Black Dial - View 6,,,,,,,,,,,,,,,,,,,
hbr-1308-auto-sapphire,Hanboro SeaKing Sapphire – Automatic Multi-Function Diver Watch,"<p>Bold, refined, and built for the deep — the Hanboro SeaKing Sapphire blends a ceramic bezel with a wave-pattern skeleton dial for a truly premium look. Powered by a reliable 82S7 automatic movement, it features a 24-hour subdial, open-heart flywheel, and luminous markers for perfect visibility. Finished with a stainless-steel bracelet and 50M water resistance, it’s a standout choice for collectors who want style, engineering, and everyday durability.</p>
<h3>Specifications</h3>
<ul>
  <li><strong>Movement:</strong> Japanese Automatic movement, Multi-Function diver, Power Reserve: ~40 hours, Frequency 21600 times/hour, Stop second function, Automatic/manual winding</li>
  <li><strong>Power Reserve:</strong> 42 Hours</li>
  <li><strong>Jewels:</strong> 24 Jewels</li>
  <li><strong>Frequency:</strong> 28,800 VPH (4.0 Hz)</li>
  <li><strong>Case Material:</strong> STAINLESS STEEL</li>
  <li><strong>Glass:</strong> SAPPHIRE CRYSTAL GLASS</li>
  <li><strong>Case Diameter:</strong> 42mm</li>
  <li><strong>Water Resistance:</strong> 50M (5 ATM)</li>
  <li><strong>Strap:</strong> STAINLESS STEEL (STAINLESS STEEL)</li>
  <li><strong>Clasp:</strong> double push safety clasp</li>
  <li><strong>Warranty:</strong> 24.0 Months Official Manufacturer Warranty</li>
</ul>
<h3>Compliance & Care</h3>
<p><strong>Country of Origin:</strong> People’s Republic of China</p>
<p><strong>Manufacturer:</strong> Guangzhou Hengbaoluo Technology Co., Ltd.</p>
<p><strong>Importer / Packer:</strong> Rise N Be Original Lifestyle Pvt Ltd, Building No. 3, 4th Floor, Block M, DLF City Phase II, Road Number 5, Sector 25, Gurugram, Haryana 122008, India</p>",HANBORO,Apparel & Accessories > Jewelry > Watches,Luxury Automatic Watches,"HANBORO, Luxury Watches, Automatic, DIVER_SPORT, 200M Professional Diver, HBR-1308-AUTO-SAPPHIRE, Model-1308, Skeleton",TRUE,Title,Default Title,,,,,HBR-1308-AUTO-SAPPHIRE,250,shopify,8,continue,manual,42399,52999,TRUE,TRUE,HBR-1308-AUTO-SAPPHIRE,https://hanborowatches.in/catalog/hbr-1308-auto-sapphire-front.png,1,Hanboro SeaKing Sapphire – Automatic Multi-Function Diver Watch - Reference HBR-1308-AUTO-SAPPHIRE,FALSE,Hanboro SeaKing Sapphire – Automatic Multi-Function Diver Watch,"Bold, refined, and built for the deep — the Hanboro SeaKing Sapphire blends a ceramic bezel with a wave-pattern skeleton dial for a truly premium look.",Apparel & Accessories > Jewelry > Watches,Unisex,Adult,HBR-1308-AUTO-SAPPHIRE,new,FALSE,,,,,,https://hanborowatches.in/catalog/hbr-1308-auto-sapphire-front.png,g,,,active
hbr-1308-auto-sapphire,,,,,,,,,,,,,,,,,,,,,,,,,https://hanborowatches.in/catalog/hbr-1308-auto-sapphire-view-1.png,2,Hanboro SeaKing Sapphire – Automatic Multi-Function Diver Watch - View 2,,,,,,,,,,,,,,,,,,,
hbr-1308-auto-sapphire,,,,,,,,,,,,,,,,,,,,,,,,,https://hanborowatches.in/catalog/hbr-1308-auto-sapphire-view-2.png,3,Hanboro SeaKing Sapphire – Automatic Multi-Function Diver Watch - View 3,,,,,,,,,,,,,,,,,,,
hbr-1308-auto-sapphire,,,,,,,,,,,,,,,,,,,,,,,,,https://hanborowatches.in/catalog/hbr-1308-auto-sapphire-view-3.jpg,4,Hanboro SeaKing Sapphire – Automatic Multi-Function Diver Watch - View 4,,,,,,,,,,,,,,,,,,,
hbr-1308-auto-sapphire,,,,,,,,,,,,,,,,,,,,,,,,,https://hanborowatches.in/catalog/hbr-1308-auto-sapphire-view-4.jpg,5,Hanboro SeaKing Sapphire – Automatic Multi-Function Diver Watch - View 5,,,,,,,,,,,,,,,,,,,
hbr-902-auto-a200-silver,Hanboro A200 Reserve – Automatic Power Reserve Stainless Steel Watch,"<p>The Hanboro A200 Reserve is a study in precision and restraint. Designed with a clean sunburst silver dial and sharp blue hands, it reflects the philosophy that true luxury lies in clarity and engineering.</p><p>Powered by the A200 automatic mechanical movement, the watch features a dedicated power reserve indicator and small seconds display — subtle complications that reveal its technical depth without disturbing its minimalist balance.</p><p>Encased in finely polished stainless steel and protected by sapphire crystal, the A200 Reserve delivers durability with refined presence. The exhibition caseback allows a glimpse into its mechanical heartbeat, reinforcing the craftsmanship within.</p><p>Paired with a sculpted steel bracelet and butterfly clasp, this timepiece is built for modern professionals who value precision over excess and structure over noise.</p><p>Understated. Engineered. Timeless.</p>
<h3>Specifications</h3>
<ul>
  <li><strong>Movement:</strong> Japanese Automatic</li>
  <li><strong>Power Reserve:</strong> 35 Hours (Top-Mounted Gauge)</li>
  <li><strong>Jewels:</strong> 22 Synthetic Rubies</li>
  <li><strong>Frequency:</strong> 21,600 VPH (3.0 Hz)</li>
  <li><strong>Case Material:</strong> STAINLESS STEEL</li>
  <li><strong>Glass:</strong> SAPPHIRE CRYSTAL</li>
  <li><strong>Case Diameter:</strong> 42mm</li>
  <li><strong>Water Resistance:</strong> 50M (5 ATM)</li>
  <li><strong>Strap:</strong> STAINLESS STEEL</li>
  <li><strong>Clasp:</strong> double-pressed butterfly clasp,</li>
  <li><strong>Warranty:</strong> 24.0 Months Official Manufacturer Warranty</li>
</ul>
<h3>Compliance & Care</h3>
<p><strong>Country of Origin:</strong> People’s Republic of China</p>
<p><strong>Manufacturer:</strong> Guangzhou Hengbaoluo Technology Co., Ltd.</p>
<p><strong>Importer / Packer:</strong> Rise N Be Original Lifestyle Pvt Ltd, Building No. 3, 4th Floor, Block M, DLF City Phase II, Road Number 5, Sector 25, Gurugram, Haryana 122008, India</p>",HANBORO,Apparel & Accessories > Jewelry > Watches,Luxury Automatic Watches,"HANBORO, Luxury Watches, Automatic, CLASSIC, Minimalist Mechanical Gauge, HBR-902-AUTO-A200-SILVER, Model-902, Skeleton",TRUE,Title,Default Title,,,,,HBR-902-AUTO-A200-SILVER,250,shopify,8,continue,manual,18399,22999,TRUE,TRUE,HBR-902-AUTO-A200-SILVER,https://hanborowatches.in/catalog/hbr-902-auto-a200-silver-front.png,1,Hanboro A200 Reserve – Automatic Power Reserve Stainless Steel Watch - Reference HBR-902-AUTO-A200-SILVER,FALSE,Hanboro A200 Reserve – Automatic Power Reserve Stainless Steel Watch,"A minimalist automatic watch with power reserve display, sapphire crystal, and stainless steel bracelet — engineered for modern precision.",Apparel & Accessories > Jewelry > Watches,Unisex,Adult,HBR-902-AUTO-A200-SILVER,new,FALSE,,,,,,https://hanborowatches.in/catalog/hbr-902-auto-a200-silver-front.png,g,,,active
hbr-902-auto-a200-silver,,,,,,,,,,,,,,,,,,,,,,,,,https://hanborowatches.in/catalog/hbr-902-auto-a200-silver-view-1.png,2,Hanboro A200 Reserve – Automatic Power Reserve Stainless Steel Watch - View 2,,,,,,,,,,,,,,,,,,,
hbr-902-auto-a200-silver,,,,,,,,,,,,,,,,,,,,,,,,,https://hanborowatches.in/catalog/hbr-902-auto-a200-silver-view-2.png,3,Hanboro A200 Reserve – Automatic Power Reserve Stainless Steel Watch - View 3,,,,,,,,,,,,,,,,,,,
hbr-902-auto-a200-silver,,,,,,,,,,,,,,,,,,,,,,,,,https://hanborowatches.in/catalog/hbr-902-auto-a200-silver-view-3.png,4,Hanboro A200 Reserve – Automatic Power Reserve Stainless Steel Watch - View 4,,,,,,,,,,,,,,,,,,,
hbr-902-auto-a200-silver,,,,,,,,,,,,,,,,,,,,,,,,,https://hanborowatches.in/catalog/hbr-902-auto-a200-silver-view-4.jpg,5,Hanboro A200 Reserve – Automatic Power Reserve Stainless Steel Watch - View 5,,,,,,,,,,,,,,,,,,,
hbr-902-auto-a200-silver,,,,,,,,,,,,,,,,,,,,,,,,,https://hanborowatches.in/catalog/hbr-902-auto-a200-silver-view-5.jpg,6,Hanboro A200 Reserve – Automatic Power Reserve Stainless Steel Watch - View 6,,,,,,,,,,,,,,,,,,,
hbr-902-auto-a200-silver,,,,,,,,,,,,,,,,,,,,,,,,,https://hanborowatches.in/catalog/hbr-902-auto-a200-silver-rg-front.jpg,7,Hanboro A200 Reserve – Automatic Power Reserve Stainless Steel Watch - View 7,,,,,,,,,,,,,,,,,,,
hbr-902-auto-a200-silver,,,,,,,,,,,,,,,,,,,,,,,,,https://hanborowatches.in/catalog/hbr-902-auto-a200-silver-rg-view-1.jpg,8,Hanboro A200 Reserve – Automatic Power Reserve Stainless Steel Watch - View 8,,,,,,,,,,,,,,,,,,,
hbr-902-auto-a200-silver,,,,,,,,,,,,,,,,,,,,,,,,,https://hanborowatches.in/catalog/hbr-902-auto-a200-silver-rg-view-2.jpg,9,Hanboro A200 Reserve – Automatic Power Reserve Stainless Steel Watch - View 9,,,,,,,,,,,,,,,,,,,
hbr-902-auto-a200-silver,,,,,,,,,,,,,,,,,,,,,,,,,https://hanborowatches.in/catalog/hbr-902-auto-a200-silver-rg-view-3.jpg,10,Hanboro A200 Reserve – Automatic Power Reserve Stainless Steel Watch - View 10,,,,,,,,,,,,,,,,,,,